"Covers_3791","Amazon_21096","0.9696511566201387"
"Covers_3751","Amazon_15950","0.956696828728204"
"Covers_435","Amazon_12064","0.974849868614768"
"Covers_22235","Amazon_10474","0.9342330938628194"
"Covers_39838","Amazon_5625","0.974849868614768"
"Covers_41462","Amazon_15413","0.9050486242802475"
"Covers_5498","Amazon_3989","0.9193502810171911"
"Covers_5184","Amazon_11251","0.9045853703220652"
"Covers_7919","Amazon_15157","0.974849868614768"
"Covers_929","Amazon_11613","0.9339819346146061"
"Covers_6485","Amazon_50","0.9620406111531231"
"Covers_2798","Amazon_2796","0.9413223554270477"
"Covers_42714","Amazon_13566","0.966233431557173"
"Covers_14874","Amazon_4573","0.9276184111839414"
"Covers_19668","Amazon_21582","0.9246748533434918"
"Covers_10552","Amazon_11190","0.974849868614768"
"Covers_2266","Amazon_3535","0.9047036355755826"
"Covers_1906","Amazon_15021","0.9219892294092483"
"Covers_5799","Amazon_6212","0.9567745479608644"
"Covers_37272","Amazon_15059","0.9008458433126024"
"Covers_4013","Amazon_3430","0.9634181591191142"
"Covers_6114","Amazon_14228","0.97236905725824"
"Covers_24859","Amazon_22671","0.974849868614768"
"Covers_3709","Amazon_15315","0.974849868614768"
"Covers_7960","Amazon_6393","0.974849868614768"
"Covers_8011","Amazon_20984","0.974849868614768"
"Covers_494","Amazon_17741","0.913811376495148"
"Covers_22182","Amazon_18062","0.9092674926168102"
"Covers_35425","Amazon_7031","0.974849868614768"
"Covers_5417","Amazon_10615","0.974849868614768"
"Covers_6461","Amazon_3051","0.974849868614768"
"Covers_1733","Amazon_7688","0.9136336464422953"
"Covers_36722","Amazon_11960","0.9216894465644194"
"Covers_5403","Amazon_13610","0.9653792598047319"
"Covers_4591","Amazon_4307","0.9020471081968401"
"Covers_13457","Amazon_21185","0.974849868614768"
"Covers_6677","Amazon_7349","0.974849868614768"
"Covers_39297","Amazon_17002","0.9344779333873845"
"Covers_6365","Amazon_17536","0.974849868614768"
"Covers_8846","Amazon_17640","0.974849868614768"
"Covers_5","Amazon_18731","0.974849868614768"
"Covers_14732","Amazon_11236","0.9449994877834178"
"Covers_8083","Amazon_7104","0.974849868614768"
"Covers_11916","Amazon_18141","0.9547266637188011"
"Covers_2784","Amazon_6218","0.974849868614768"
"Covers_40239","Amazon_16974","0.9650831982364431"
"Covers_8606","Amazon_10929","0.9028739913214655"
"Covers_27796","Amazon_7231","0.974849868614768"
"Covers_27501","Amazon_16893","0.9029937450001568"
"Covers_6711","Amazon_1039","0.974849868614768"
"Covers_1069","Amazon_1316","0.9301645253097824"
"Covers_5674","Amazon_3334","0.9205362484503292"
"Covers_46379","Amazon_15293","0.974849868614768"
"Covers_7399","Amazon_15350","0.974849868614768"
"Covers_19326","Amazon_11215","0.9120518177207054"
"Covers_1087","Amazon_19806","0.9234652215202994"
"Covers_3286","Amazon_13502","0.974849868614768"
"Covers_40139","Amazon_17920","0.974849868614768"
"Covers_724","Amazon_16102","0.9645222748930875"
"Covers_19299","Amazon_8566","0.974849868614768"
"Covers_27501","Amazon_6988","0.9029937450001568"
"Covers_7637","Amazon_18334","0.974849868614768"
"Covers_6951","Amazon_21175","0.974849868614768"
"Covers_16586","Amazon_10749","0.90522157038679"
"Covers_6881","Amazon_18062","0.974849868614768"
"Covers_39718","Amazon_16655","0.9149724153619615"
"Covers_48150","Amazon_16039","0.9696511566201387"
"Covers_8443","Amazon_15099","0.974849868614768"
"Covers_34888","Amazon_10274","0.9060765329494538"
"Covers_3727","Amazon_11251","0.9035310069553464"
"Covers_4716","Amazon_14168","0.9684567137474974"
"Covers_1918","Amazon_8205","0.9577954027583357"
"Covers_1959","Amazon_2175","0.974849868614768"
"Covers_32842","Amazon_3819","0.917494166251221"
"Covers_36233","Amazon_20904","0.974849868614768"
"Covers_29737","Amazon_10558","0.9042972182579606"
"Covers_34949","Amazon_7691","0.9312658656462587"
"Covers_1733","Amazon_7657","0.9136336464422953"
"Covers_4648","Amazon_11858","0.9451868211588592"
"Covers_7355","Amazon_21002","0.974849868614768"
"Covers_47259","Amazon_10396","0.93993985456261"
"Covers_8568","Amazon_18124","0.9227868160595587"
"Covers_13896","Amazon_7567","0.974849868614768"
"Covers_1977","Amazon_19033","0.9067816231188726"
"Covers_5542","Amazon_11419","0.974849868614768"
"Covers_5569","Amazon_11317","0.974849868614768"
"Covers_45866","Amazon_12003","0.9060281533000925"
"Covers_26532","Amazon_4861","0.974849868614768"
"Covers_2331","Amazon_13535","0.974849868614768"
"Covers_8870","Amazon_13189","0.974849868614768"
"Covers_3850","Amazon_19685","0.9271312194949545"
"Covers_28587","Amazon_12954","0.9649283102919605"
"Covers_4675","Amazon_8835","0.974849868614768"
"Covers_6825","Amazon_17468","0.974849868614768"
"Covers_34587","Amazon_21233","0.9009359179666661"
"Covers_1087","Amazon_20056","0.9234652215202994"
"Covers_906","Amazon_13249","0.9540719185187808"
"Covers_1561","Amazon_11454","0.9134704903128849"
"Covers_12533","Amazon_7940","0.9520886534221307"
"Covers_7438","Amazon_18076","0.974849868614768"
"Covers_5156","Amazon_455","0.974849868614768"
"Covers_15287","Amazon_12840","0.974849868614768"
"Covers_39906","Amazon_2300","0.9547266637188011"
"Covers_105","Amazon_15048","0.9239991069522613"
"Covers_2384","Amazon_5268","0.9237970127432071"
"Covers_626","Amazon_13225","0.9335718990678035"
"Covers_8552","Amazon_1193","0.974849868614768"
"Covers_2060","Amazon_3307","0.974849868614768"
"Covers_47123","Amazon_2933","0.9167584814734063"
"Covers_8208","Amazon_4917","0.974849868614768"
"Covers_11226","Amazon_18286","0.9394354028708797"
"Covers_6795","Amazon_1471","0.974849868614768"
"Covers_1580","Amazon_18239","0.974849868614768"
"Covers_4465","Amazon_369","0.974849868614768"
"Covers_8655","Amazon_4427","0.974849868614768"
"Covers_47025","Amazon_15155","0.9325662320473797"
"Covers_17452","Amazon_15155","0.913345266293183"
"Covers_8824","Amazon_22503","0.974849868614768"
"Covers_33617","Amazon_2943","0.9620406111531231"
"Covers_4179","Amazon_10837","0.9513206585974279"
"Covers_5617","Amazon_8247","0.9234652215202994"
"Covers_7672","Amazon_7534","0.974849868614768"
"Covers_36417","Amazon_16483","0.974849868614768"
"Covers_8672","Amazon_15355","0.974849868614768"
"Covers_6428","Amazon_17570","0.974849868614768"
"Covers_4724","Amazon_13742","0.9588126165316341"
"Covers_3163","Amazon_4692","0.974849868614768"
"Covers_7001","Amazon_20797","0.974849868614768"
"Covers_7177","Amazon_2802","0.974849868614768"
"Covers_2135","Amazon_15243","0.911519409757614"
"Covers_43338","Amazon_17982","0.974849868614768"
"Covers_6585","Amazon_4402","0.974849868614768"
"Covers_1977","Amazon_4161","0.9233799687138237"
"Covers_6061","Amazon_8026","0.9092674926168102"
"Covers_34826","Amazon_10837","0.9356947205333713"
"Covers_43748","Amazon_4573","0.974849868614768"
"Covers_8877","Amazon_13504","0.9428361359782966"
"Covers_6582","Amazon_3315","0.974849868614768"
"Covers_8005","Amazon_18091","0.974849868614768"
"Covers_6880","Amazon_1030","0.974849868614768"
"Covers_26955","Amazon_15420","0.974849868614768"
"Covers_41174","Amazon_5373","0.9565160781461098"
"Covers_2747","Amazon_17863","0.974849868614768"
"Covers_26832","Amazon_15004","0.974849868614768"
"Covers_6587","Amazon_11727","0.974849868614768"
"Covers_6394","Amazon_15059","0.974849868614768"
"Covers_30889","Amazon_4402","0.9020471081968401"
"Covers_27874","Amazon_655","0.9414098249185024"
"Covers_1994","Amazon_15173","0.9123201240268279"
"Covers_5045","Amazon_21291","0.974849868614768"
"Covers_6116","Amazon_16938","0.9053451306607029"
"Covers_7241","Amazon_7544","0.974849868614768"
"Covers_19306","Amazon_22650","0.974849868614768"
"Covers_8561","Amazon_17028","0.974849868614768"
"Covers_7515","Amazon_15067","0.974849868614768"
"Covers_6825","Amazon_18058","0.974849868614768"
"Covers_1703","Amazon_15369","0.9402301051841463"
"Covers_37150","Amazon_4627","0.9102349209665154"
"Covers_338","Amazon_14363","0.9335718990678035"
"Covers_13297","Amazon_15355","0.9313996129067205"
"Covers_24128","Amazon_11877","0.9101683528210629"
"Covers_8470","Amazon_20905","0.974849868614768"
"Covers_36131","Amazon_14831","0.9438663605013494"
"Covers_8978","Amazon_8697","0.974849868614768"
"Covers_7122","Amazon_11600","0.974849868614768"
"Covers_7241","Amazon_7042","0.974849868614768"
"Covers_5569","Amazon_3735","0.974849868614768"
"Covers_95","Amazon_3068","0.974849868614768"
"Covers_359","Amazon_7079","0.9384584518811466"
"Covers_1348","Amazon_5090","0.9459125526485802"
"Covers_2320","Amazon_4202","0.974849868614768"
"Covers_9922","Amazon_12862","0.9044724204346227"
"Covers_8645","Amazon_1612","0.9052282020879119"
"Covers_3327","Amazon_15413","0.9410979191020131"
"Covers_6439","Amazon_4909","0.974849868614768"
"Covers_44619","Amazon_12932","0.920570385561848"
"Covers_6486","Amazon_13631","0.974849868614768"
"Covers_4239","Amazon_4690","0.9075359202439762"
"Covers_972","Amazon_14681","0.9335417298356349"
"Covers_4832","Amazon_12563","0.974849868614768"
"Covers_812","Amazon_18161","0.974849868614768"
"Covers_47025","Amazon_20897","0.9325662320473797"
"Covers_7415","Amazon_102","0.974849868614768"
"Covers_17452","Amazon_20897","0.913345266293183"
"Covers_5154","Amazon_15568","0.974849868614768"
"Covers_33481","Amazon_15071","0.9233799687138237"
"Covers_7159","Amazon_21126","0.974849868614768"
"Covers_4771","Amazon_3738","0.9085502113837166"
"Covers_44555","Amazon_521","0.9620406111531231"
"Covers_8495","Amazon_15573","0.974849868614768"
"Covers_49850","Amazon_15193","0.9104942916213256"
"Covers_19645","Amazon_20912","0.9020471081968401"
"Covers_1733","Amazon_7795","0.9136336464422953"
"Covers_6885","Amazon_16821","0.974849868614768"
"Covers_32954","Amazon_17752","0.974849868614768"
"Covers_6438","Amazon_14143","0.974849868614768"
"Covers_8443","Amazon_15132","0.974849868614768"
"Covers_3892","Amazon_12073","0.9339487763030915"
"Covers_35232","Amazon_15070","0.9634181591191142"
"Covers_22356","Amazon_22431","0.974849868614768"
"Covers_8149","Amazon_21103","0.974849868614768"
"Covers_46352","Amazon_13006","0.974849868614768"
"Covers_2064","Amazon_20584","0.974849868614768"
"Covers_22457","Amazon_10740","0.9048536324763817"
"Covers_1096","Amazon_4386","0.9149724153619615"
"Covers_1733","Amazon_18201","0.9136336464422953"
"Covers_39845","Amazon_17817","0.974849868614768"
"Covers_6143","Amazon_5041","0.9402301051841463"
"Covers_40453","Amazon_7604","0.9063651054597542"
"Covers_1617","Amazon_15638","0.9377137367549867"
"Covers_8171","Amazon_15071","0.9233799687138237"
"Covers_6061","Amazon_8282","0.9092674926168102"
"Covers_8521","Amazon_21994","0.974849868614768"
"Covers_7174","Amazon_22553","0.974849868614768"
"Covers_7097","Amazon_4554","0.9597069714033237"
"Covers_28681","Amazon_15059","0.9087430677077968"
"Covers_8351","Amazon_14595","0.974849868614768"
"Covers_1040","Amazon_5079","0.9063146333076388"
"Covers_14140","Amazon_11079","0.9588126165316341"
"Covers_28325","Amazon_32","0.9362106031614481"
"Covers_7862","Amazon_4421","0.974849868614768"
"Covers_8488","Amazon_16382","0.9647137252849898"
"Covers_5451","Amazon_1969","0.9273229755415665"
"Covers_347","Amazon_7687","0.974849868614768"
"Covers_3970","Amazon_5259","0.9092674926168102"
"Covers_6414","Amazon_10888","0.9402301051841463"
"Covers_7387","Amazon_4404","0.9632162903274107"
"Covers_37961","Amazon_7688","0.9071397669347278"
"Covers_6180","Amazon_6071","0.974849868614768"
"Covers_988","Amazon_20886","0.9125929845866877"
"Covers_34073","Amazon_5244","0.9297738091508401"
"Covers_8044","Amazon_13812","0.974849868614768"
"Covers_21594","Amazon_8660","0.974849868614768"
"Covers_1657","Amazon_17653","0.974849868614768"
"Covers_5427","Amazon_13921","0.9092674926168102"
"Covers_4941","Amazon_13994","0.9649283102919605"
"Covers_31342","Amazon_15353","0.974849868614768"
"Covers_416","Amazon_2940","0.911519409757614"
"Covers_6800","Amazon_116","0.974849868614768"
"Covers_7235","Amazon_1041","0.974849868614768"
"Covers_42194","Amazon_16395","0.9721686648337577"
"Covers_6677","Amazon_15502","0.974849868614768"
"Covers_427","Amazon_5114","0.9619570115563051"
"Covers_8821","Amazon_4935","0.974849868614768"
"Covers_3524","Amazon_18668","0.9313996129067205"
"Covers_142","Amazon_18590","0.9006550205681869"
"Covers_48353","Amazon_6062","0.9692106512367202"
"Covers_8578","Amazon_22561","0.974849868614768"
"Covers_42691","Amazon_17423","0.974849868614768"
"Covers_7515","Amazon_11565","0.974849868614768"
"Covers_6427","Amazon_7032","0.974849868614768"
"Covers_22235","Amazon_10812","0.9481384157795538"
"Covers_6470","Amazon_4148","0.974849868614768"
"Covers_5292","Amazon_15526","0.9185157593324347"
"Covers_5569","Amazon_3820","0.9410979191020131"
"Covers_1807","Amazon_5","0.9264668222202208"
"Covers_22546","Amazon_20165","0.9278336699096924"
"Covers_2729","Amazon_18395","0.9301828750272747"
"Covers_1880","Amazon_3477","0.974849868614768"
"Covers_5675","Amazon_14302","0.9669868626195025"
"Covers_36221","Amazon_16691","0.974849868614768"
"Covers_6169","Amazon_12886","0.9259295309594715"
"Covers_1954","Amazon_3486","0.9015479711903522"
"Covers_3961","Amazon_3536","0.9056027023404606"
"Covers_1322","Amazon_2461","0.9726191733629402"
"Covers_1070","Amazon_1308","0.9391015839387543"
"Covers_6971","Amazon_21095","0.974849868614768"
"Covers_1419","Amazon_15195","0.9146950665957028"
"Covers_6761","Amazon_17215","0.974849868614768"
"Covers_1590","Amazon_7599","0.974849868614768"
"Covers_47065","Amazon_17925","0.9119528824609368"
"Covers_8417","Amazon_4744","0.974849868614768"
"Covers_35848","Amazon_6321","0.9042281805509672"
"Covers_4981","Amazon_2650","0.9721686648337577"
"Covers_8166","Amazon_7287","0.974849868614768"
"Covers_36017","Amazon_3892","0.9669868626195025"
"Covers_6834","Amazon_17235","0.974849868614768"
"Covers_6941","Amazon_18508","0.974849868614768"
"Covers_3570","Amazon_13155","0.9095702912117204"
"Covers_42884","Amazon_13585","0.974849868614768"
"Covers_7741","Amazon_12052","0.921435579994037"
"Covers_1997","Amazon_11668","0.974849868614768"
"Covers_4631","Amazon_1663","0.931793909690202"
"Covers_4302","Amazon_3497","0.974849868614768"
"Covers_8311","Amazon_17828","0.9686237120715034"
"Covers_7916","Amazon_16981","0.974849868614768"
"Covers_3140","Amazon_535","0.9525407182009745"
"Covers_3429","Amazon_18255","0.923089457416597"
"Covers_6311","Amazon_17427","0.974849868614768"
"Covers_5919","Amazon_5671","0.974849868614768"
"Covers_18864","Amazon_18291","0.974849868614768"
"Covers_4781","Amazon_22691","0.974849868614768"
"Covers_24278","Amazon_15091","0.974849868614768"
"Covers_5774","Amazon_16689","0.9512158852181343"
"Covers_159","Amazon_13088","0.974849868614768"
"Covers_8468","Amazon_3282","0.974849868614768"
"Covers_6918","Amazon_1874","0.974849868614768"
"Covers_22185","Amazon_11710","0.9043219153576779"
"Covers_33195","Amazon_14054","0.974849868614768"
"Covers_43426","Amazon_15167","0.974849868614768"
"Covers_37756","Amazon_4385","0.9258711353092824"
"Covers_39377","Amazon_7824","0.921435579994037"
"Covers_7279","Amazon_21131","0.9476745585083641"
"Covers_5477","Amazon_8861","0.974849868614768"
"Covers_7563","Amazon_20983","0.9169297952108989"
"Covers_11514","Amazon_20930","0.9441886200858622"
"Covers_4984","Amazon_4476","0.974849868614768"
"Covers_25134","Amazon_21058","0.974849868614768"
"Covers_33774","Amazon_15555","0.9342452241727773"
"Covers_8316","Amazon_476","0.974849868614768"
"Covers_6415","Amazon_10888","0.947072409780987"
"Covers_8105","Amazon_4796","0.974849868614768"
"Covers_36131","Amazon_14786","0.9438663605013494"
"Covers_6259","Amazon_13276","0.9570351934808761"
"Covers_6502","Amazon_3013","0.974849868614768"
"Covers_2004","Amazon_2835","0.9238390016589109"
"Covers_11503","Amazon_18676","0.974849868614768"
"Covers_32389","Amazon_11476","0.974849868614768"
"Covers_22546","Amazon_3566","0.9363832805510235"
"Covers_7690","Amazon_16879","0.9092674926168102"
"Covers_7501","Amazon_6983","0.9096861603668696"
"Covers_6533","Amazon_8337","0.974849868614768"
"Covers_1419","Amazon_15540","0.9146950665957028"
"Covers_28803","Amazon_3983","0.974849868614768"
"Covers_3579","Amazon_10274","0.9280015045882207"
"Covers_13055","Amazon_2955","0.974849868614768"
"Covers_37961","Amazon_7657","0.9071397669347278"
"Covers_1419","Amazon_15098","0.9146950665957028"
"Covers_40509","Amazon_21105","0.9189150309234918"
"Covers_42547","Amazon_17916","0.95446015347725"
"Covers_4970","Amazon_5303","0.974849868614768"
"Covers_7096","Amazon_4435","0.9589149896325097"
"Covers_11666","Amazon_20904","0.9038113679008769"
"Covers_27525","Amazon_11595","0.974849868614768"
"Covers_6461","Amazon_2884","0.974849868614768"
"Covers_7797","Amazon_13118","0.9418441197728895"
"Covers_327","Amazon_18249","0.9284008338414033"
"Covers_7156","Amazon_11271","0.974849868614768"
"Covers_8861","Amazon_14667","0.974849868614768"
"Covers_29947","Amazon_13480","0.9179310717015441"
"Covers_6111","Amazon_15420","0.9006550205681869"
"Covers_6365","Amazon_16888","0.974849868614768"
"Covers_5305","Amazon_16082","0.974849868614768"
"Covers_22130","Amazon_17800","0.9092674926168102"
"Covers_10447","Amazon_15587","0.9024481001698051"
"Covers_8693","Amazon_7598","0.974849868614768"
"Covers_7192","Amazon_7449","0.9641960704501708"
"Covers_29222","Amazon_7954","0.9575618122745458"
"Covers_12127","Amazon_7017","0.974849868614768"
"Covers_37262","Amazon_12943","0.958399736052726"
"Covers_25889","Amazon_7972","0.974849868614768"
"Covers_7743","Amazon_16904","0.974849868614768"
"Covers_6523","Amazon_17511","0.974849868614768"
"Covers_416","Amazon_3502","0.911519409757614"
"Covers_3034","Amazon_13679","0.974849868614768"
"Covers_14456","Amazon_10370","0.936044692775475"
"Covers_2690","Amazon_18107","0.9052282020879119"
"Covers_5325","Amazon_1423","0.9452001409897971"
"Covers_41348","Amazon_14593","0.9517116601641072"
"Covers_4223","Amazon_20344","0.9213866154778124"
"Covers_6476","Amazon_7258","0.974849868614768"
"Covers_6633","Amazon_3762","0.974849868614768"
"Covers_29885","Amazon_17802","0.9053451306607029"
"Covers_37304","Amazon_18001","0.968688901866631"
"Covers_6840","Amazon_18097","0.974849868614768"
"Covers_3060","Amazon_15420","0.911519409757614"
"Covers_16586","Amazon_10274","0.929898746160941"
"Covers_2336","Amazon_17535","0.9010458438548031"
"Covers_7159","Amazon_5111","0.974849868614768"
"Covers_30749","Amazon_18213","0.974849868614768"
"Covers_43129","Amazon_1818","0.9641960704501708"
"Covers_8232","Amazon_21983","0.974849868614768"
"Covers_31707","Amazon_11877","0.974849868614768"
"Covers_7851","Amazon_3330","0.974849868614768"
"Covers_4770","Amazon_3837","0.966233431557173"
"Covers_7082","Amazon_15391","0.9062058714310135"
"Covers_3381","Amazon_8562","0.974849868614768"
"Covers_6666","Amazon_18056","0.9607065656711135"
"Covers_4874","Amazon_3102","0.974849868614768"
"Covers_8495","Amazon_13733","0.9435874427497379"
"Covers_32954","Amazon_17960","0.974849868614768"
"Covers_4998","Amazon_589","0.9014315768060254"
"Covers_6582","Amazon_4981","0.974849868614768"
"Covers_909","Amazon_13106","0.923089457416597"
"Covers_512","Amazon_17656","0.974849868614768"
"Covers_35970","Amazon_20091","0.9374900439631351"
"Covers_5667","Amazon_14013","0.9146950665957028"
"Covers_5871","Amazon_4959","0.9629103131200192"
"Covers_6436","Amazon_6977","0.974849868614768"
"Covers_8104","Amazon_2936","0.974849868614768"
"Covers_41734","Amazon_17829","0.9063651054597542"
"Covers_1070","Amazon_1741","0.9218212298039783"
"Covers_22389","Amazon_4757","0.9149724153619615"
"Covers_48556","Amazon_15984","0.974849868614768"
"Covers_3169","Amazon_13649","0.974849868614768"
"Covers_49714","Amazon_1929","0.9618653153090687"
"Covers_40509","Amazon_5124","0.9189150309234918"
"Covers_36722","Amazon_16159","0.9033672470418581"
"Covers_1746","Amazon_16768","0.905959577229681"
"Covers_37840","Amazon_8065","0.974849868614768"
"Covers_5388","Amazon_15510","0.9524269331840859"
"Covers_5429","Amazon_16595","0.9040656094523187"
"Covers_4031","Amazon_1148","0.9459211678328135"
"Covers_31342","Amazon_15601","0.974849868614768"
"Covers_6626","Amazon_7380","0.9669868626195025"
"Covers_37961","Amazon_18201","0.9071397669347278"
"Covers_7514","Amazon_7946","0.974849868614768"
"Covers_5775","Amazon_6876","0.9547663592828712"
"Covers_4683","Amazon_2390","0.974849868614768"
"Covers_137","Amazon_23","0.946456247015956"
"Covers_36348","Amazon_7032","0.9692106512367202"
"Covers_39838","Amazon_3432","0.974849868614768"
"Covers_36285","Amazon_5619","0.9222853381629253"
"Covers_44132","Amazon_16311","0.974849868614768"
"Covers_19580","Amazon_3258","0.974849868614768"
"Covers_25212","Amazon_4951","0.9129316534452953"
"Covers_8597","Amazon_8807","0.974849868614768"
"Covers_29623","Amazon_18268","0.9410098015589172"
"Covers_10586","Amazon_17800","0.9680612544213887"
"Covers_7565","Amazon_4576","0.974849868614768"
"Covers_8630","Amazon_17724","0.974849868614768"
"Covers_17828","Amazon_3367","0.974849868614768"
"Covers_4243","Amazon_9135","0.974849868614768"
"Covers_1104","Amazon_11134","0.974849868614768"
"Covers_8758","Amazon_22259","0.9038113679008769"
"Covers_24011","Amazon_17150","0.923262315343143"
"Covers_44132","Amazon_16259","0.974849868614768"
"Covers_280","Amazon_3632","0.974849868614768"
"Covers_4555","Amazon_15117","0.974849868614768"
"Covers_2814","Amazon_7980","0.974849868614768"
"Covers_40239","Amazon_17765","0.9650831982364431"
"Covers_37961","Amazon_7795","0.9071397669347278"
"Covers_6987","Amazon_8181","0.974849868614768"
"Covers_236","Amazon_2876","0.9359010830826107"
"Covers_8519","Amazon_3570","0.974849868614768"
"Covers_1107","Amazon_5284","0.9451012931822724"
"Covers_35926","Amazon_13850","0.9170363937199122"
"Covers_16850","Amazon_16624","0.974849868614768"
"Covers_8132","Amazon_5135","0.9092674926168102"
"Covers_49079","Amazon_15541","0.9668890689949895"
"Covers_6248","Amazon_17731","0.9733993504255429"
"Covers_8617","Amazon_17057","0.974849868614768"
"Covers_7177","Amazon_2904","0.974849868614768"
"Covers_536","Amazon_21008","0.9065085963334863"
"Covers_856","Amazon_10668","0.9080336613863751"
"Covers_2339","Amazon_22495","0.974849868614768"
"Covers_7410","Amazon_4","0.9366797536494196"
"Covers_37756","Amazon_4646","0.9258711353092824"
"Covers_39906","Amazon_2461","0.9517116601641072"
"Covers_43065","Amazon_21156","0.974849868614768"
"Covers_5005","Amazon_13505","0.974849868614768"
"Covers_7410","Amazon_11502","0.9366797536494196"
"Covers_1710","Amazon_4909","0.9319403578986106"
"Covers_4309","Amazon_3217","0.9351670494716222"
"Covers_89","Amazon_4715","0.923089457416597"
"Covers_2340","Amazon_17254","0.9040656094523187"
"Covers_41643","Amazon_4835","0.9130429289672115"
"Covers_37591","Amazon_16840","0.974849868614768"
"Covers_20471","Amazon_8676","0.9066385686371975"
"Covers_8701","Amazon_3328","0.974849868614768"
"Covers_35848","Amazon_6308","0.9353163129226738"
"Covers_6612","Amazon_10518","0.9362112783534978"
"Covers_5832","Amazon_3184","0.9294690724388138"
"Covers_3638","Amazon_15695","0.974849868614768"
"Covers_7358","Amazon_21054","0.974849868614768"
"Covers_38059","Amazon_15602","0.9004177021539658"
"Covers_7951","Amazon_18183","0.974849868614768"
"Covers_6607","Amazon_14431","0.974849868614768"
"Covers_637","Amazon_4716","0.9092674926168102"
"Covers_2361","Amazon_15430","0.9160052015585545"
"Covers_7995","Amazon_7859","0.974849868614768"
"Covers_47259","Amazon_10571","0.93993985456261"
"Covers_32017","Amazon_15273","0.9062058714310135"
"Covers_6672","Amazon_17085","0.974849868614768"
"Covers_43426","Amazon_15604","0.974849868614768"
"Covers_4703","Amazon_4533","0.974849868614768"
"Covers_308","Amazon_17406","0.974849868614768"
"Covers_1584","Amazon_7412","0.974849868614768"
"Covers_26596","Amazon_11497","0.9632162903274107"
"Covers_7618","Amazon_1068","0.974849868614768"
"Covers_28895","Amazon_18064","0.9015479711903522"
"Covers_3815","Amazon_12078","0.9484588036850047"
"Covers_15313","Amazon_13231","0.974849868614768"
"Covers_406","Amazon_18172","0.9042972182579606"
"Covers_8183","Amazon_4324","0.9074213437196094"
"Covers_8821","Amazon_4513","0.974849868614768"
"Covers_2249","Amazon_14688","0.974849868614768"
"Covers_6147","Amazon_20431","0.974849868614768"
"Covers_7315","Amazon_8082","0.9052282020879119"
"Covers_6259","Amazon_13269","0.9575618122745458"
"Covers_8041","Amazon_5841","0.974849868614768"
"Covers_41734","Amazon_18275","0.9063651054597542"
"Covers_40230","Amazon_20185","0.966995568355776"
"Covers_5042","Amazon_15497","0.974849868614768"
"Covers_580","Amazon_3098","0.974849868614768"
"Covers_8698","Amazon_5086","0.9734303837359043"
"Covers_2724","Amazon_13557","0.957350145645958"
"Covers_19665","Amazon_3118","0.9038113679008769"
"Covers_5114","Amazon_2288","0.974849868614768"
"Covers_7456","Amazon_3180","0.974849868614768"
"Covers_18792","Amazon_14733","0.974849868614768"
"Covers_46949","Amazon_21145","0.9039050355586865"
"Covers_2255","Amazon_13370","0.9140041855715155"
"Covers_17627","Amazon_17547","0.9049823672325881"
"Covers_6389","Amazon_4725","0.974849868614768"
"Covers_7637","Amazon_20060","0.974849868614768"
"Covers_3270","Amazon_3710","0.974849868614768"
"Covers_27402","Amazon_11891","0.9120886408942183"
"Covers_32842","Amazon_3970","0.917494166251221"
"Covers_5113","Amazon_12509","0.974849868614768"
"Covers_7315","Amazon_8001","0.9052282020879119"
"Covers_35015","Amazon_17856","0.9422076525442122"
"Covers_4179","Amazon_10550","0.93993985456261"
"Covers_8593","Amazon_2185","0.9266855266275381"
"Covers_1733","Amazon_7146","0.9136336464422953"
"Covers_7435","Amazon_2848","0.974849868614768"
"Covers_11289","Amazon_10832","0.974849868614768"
"Covers_37961","Amazon_17758","0.9071397669347278"
"Covers_4630","Amazon_15162","0.9390678697802332"
"Covers_8719","Amazon_3095","0.9292524783846755"
"Covers_30535","Amazon_18286","0.9714904438380292"
"Covers_38855","Amazon_7200","0.974849868614768"
"Covers_5827","Amazon_14246","0.968688901866631"
"Covers_4726","Amazon_13673","0.9348965112614217"
"Covers_45525","Amazon_7836","0.974849868614768"
"Covers_11220","Amazon_17941","0.974849868614768"
"Covers_31736","Amazon_16751","0.9474885739105795"
"Covers_34826","Amazon_10550","0.93993985456261"
"Covers_7257","Amazon_7634","0.974849868614768"
"Covers_6394","Amazon_5173","0.9128037039056492"
"Covers_7455","Amazon_22342","0.974849868614768"
"Covers_7371","Amazon_18204","0.974849868614768"
"Covers_2869","Amazon_12029","0.9273218811746897"
"Covers_885","Amazon_17440","0.9610789545675126"
"Covers_416","Amazon_2810","0.911519409757614"
"Covers_7121","Amazon_16395","0.974849868614768"
"Covers_13584","Amazon_37","0.9729935470686836"
"Covers_4943","Amazon_13612","0.9375103532856128"
"Covers_16586","Amazon_21015","0.9268495757837937"
"Covers_1385","Amazon_11146","0.974849868614768"
"Covers_22457","Amazon_10812","0.9048536324763817"
"Covers_8772","Amazon_20924","0.974849868614768"
"Covers_632","Amazon_15116","0.974849868614768"
"Covers_39607","Amazon_6417","0.9576148515050722"
"Covers_8219","Amazon_11741","0.974849868614768"
"Covers_4264","Amazon_20425","0.9324456237719496"
"Covers_22235","Amazon_10668","0.9623558229365745"
"Covers_1240","Amazon_2337","0.9155557806698968"
"Covers_6477","Amazon_17063","0.9032202853246891"
"Covers_1658","Amazon_16710","0.9011750511908005"
"Covers_6918","Amazon_20866","0.974849868614768"
"Covers_5987","Amazon_12828","0.974849868614768"
"Covers_24859","Amazon_3322","0.974849868614768"
"Covers_28924","Amazon_16585","0.974849868614768"
"Covers_42004","Amazon_10412","0.9517116601641072"
"Covers_8132","Amazon_10354","0.974849868614768"
"Covers_7425","Amazon_21036","0.974849868614768"
"Covers_47259","Amazon_10498","0.93993985456261"
"Covers_7098","Amazon_21168","0.9252615997476532"
"Covers_28831","Amazon_3768","0.9623804528331455"
"Covers_45438","Amazon_20939","0.958399736052726"
"Covers_7563","Amazon_4515","0.974849868614768"
"Covers_7555","Amazon_21271","0.949264117659558"
"Covers_5721","Amazon_15704","0.974849868614768"
"Covers_2385","Amazon_10360","0.9620406111531231"
"Covers_1464","Amazon_15499","0.974849868614768"
"Covers_7165","Amazon_17736","0.974849868614768"
"Covers_6632","Amazon_16323","0.9518956074793652"
"Covers_7690","Amazon_15238","0.9092674926168102"
"Covers_7039","Amazon_2881","0.974849868614768"
"Covers_33178","Amazon_15059","0.9581292685829161"
"Covers_1977","Amazon_14830","0.974849868614768"
"Covers_7435","Amazon_3459","0.974849868614768"
"Covers_4500","Amazon_19433","0.974849868614768"
"Covers_42004","Amazon_15076","0.9517116601641072"
"Covers_3867","Amazon_9802","0.9255693916712135"
"Covers_7641","Amazon_18128","0.974849868614768"
"Covers_6950","Amazon_1090","0.974849868614768"
"Covers_8422","Amazon_8128","0.974849868614768"
"Covers_7825","Amazon_3311","0.9198265935209599"
"Covers_8221","Amazon_7879","0.923262315343143"
"Covers_19932","Amazon_3826","0.9288544545575819"
"Covers_28","Amazon_17260","0.9092674926168102"
"Covers_8740","Amazon_6963","0.974849868614768"
"Covers_8224","Amazon_5056","0.974849868614768"
"Covers_6461","Amazon_2981","0.974849868614768"
"Covers_593","Amazon_11025","0.974849868614768"
"Covers_5123","Amazon_15521","0.974849868614768"
"Covers_3741","Amazon_15394","0.9467781092887966"
"Covers_45070","Amazon_16778","0.9507609935157569"
"Covers_2844","Amazon_4358","0.9477480588521937"
"Covers_6031","Amazon_6813","0.974849868614768"
"Covers_35565","Amazon_18249","0.974849868614768"
"Covers_758","Amazon_13370","0.9644012295322396"
"Covers_48151","Amazon_5086","0.974849868614768"
"Covers_7425","Amazon_4624","0.974849868614768"
"Covers_7061","Amazon_4415","0.974849868614768"
"Covers_4631","Amazon_1270","0.9431455298243289"
"Covers_3175","Amazon_13816","0.974849868614768"
"Covers_7235","Amazon_3224","0.974849868614768"
"Covers_271","Amazon_22481","0.974849868614768"
"Covers_16547","Amazon_4788","0.974849868614768"
"Covers_7244","Amazon_3512","0.9045090869768441"
"Covers_30327","Amazon_12602","0.9066385686371975"
"Covers_4874","Amazon_11830","0.974849868614768"
"Covers_8057","Amazon_14479","0.974849868614768"
"Covers_7157","Amazon_10982","0.974849868614768"
"Covers_5791","Amazon_15205","0.9292524783846755"
"Covers_16586","Amazon_21122","0.9042305373441382"
"Covers_8529","Amazon_3679","0.974849868614768"
"Covers_8854","Amazon_3349","0.974849868614768"
"Covers_2925","Amazon_8882","0.974849868614768"
"Covers_1264","Amazon_4415","0.9217991781627176"
"Covers_1015","Amazon_15273","0.9062058714310135"
"Covers_3906","Amazon_11881","0.9268971481843702"
"Covers_4537","Amazon_2943","0.9482519984585296"
"Covers_6143","Amazon_21169","0.9341685950209087"
"Covers_8480","Amazon_18206","0.9003111856462951"
"Covers_23864","Amazon_16514","0.9365613625069589"
"Covers_5418","Amazon_15197","0.9402301051841463"
"Covers_7915","Amazon_13372","0.974849868614768"
"Covers_1002","Amazon_2970","0.974849868614768"
"Covers_3727","Amazon_11407","0.974849868614768"
"Covers_766","Amazon_7058","0.974849868614768"
"Covers_7056","Amazon_17480","0.974849868614768"
"Covers_2635","Amazon_4289","0.974849868614768"
"Covers_41150","Amazon_16960","0.9171091211901463"
"Covers_14456","Amazon_18141","0.9037762189002019"
"Covers_17627","Amazon_17561","0.9049823672325881"
"Covers_6111","Amazon_15282","0.9065076624613055"
"Covers_3338","Amazon_15583","0.9481384157795538"
"Covers_1069","Amazon_1820","0.9262301804094907"
"Covers_3628","Amazon_15512","0.9002749082662898"
"Covers_49850","Amazon_11514","0.9117079365402363"
"Covers_49971","Amazon_8378","0.974849868614768"
"Covers_3713","Amazon_18364","0.974849868614768"
"Covers_142","Amazon_16375","0.9006550205681869"
"Covers_2111","Amazon_3361","0.9397415456007614"
"Covers_38414","Amazon_17900","0.9269603784268527"
"Covers_10586","Amazon_18167","0.9086689443854071"
"Covers_4884","Amazon_2531","0.974849868614768"
"Covers_448","Amazon_7286","0.9034310414560998"
"Covers_5397","Amazon_11765","0.974849868614768"
"Covers_37272","Amazon_5173","0.9299207095647337"
"Covers_8466","Amazon_8502","0.974849868614768"
"Covers_4318","Amazon_2993","0.9081900366642794"
"Covers_35561","Amazon_21168","0.941144913137949"
"Covers_8362","Amazon_17819","0.967619714842934"
"Covers_2593","Amazon_17506","0.974849868614768"
"Covers_35928","Amazon_21283","0.9179189359914973"
"Covers_5257","Amazon_9661","0.974849868614768"
"Covers_34693","Amazon_9059","0.974849868614768"
"Covers_93","Amazon_7125","0.974849868614768"
"Covers_40433","Amazon_20916","0.974849868614768"
"Covers_43029","Amazon_16494","0.9266691016178678"
"Covers_6840","Amazon_17514","0.974849868614768"
"Covers_30553","Amazon_15984","0.9383903595904882"
"Covers_4715","Amazon_19066","0.966233431557173"
"Covers_3322","Amazon_18106","0.974849868614768"
"Covers_274","Amazon_13099","0.9354532204781345"
"Covers_34888","Amazon_21305","0.9197515573713523"
"Covers_4847","Amazon_3985","0.974849868614768"
"Covers_8446","Amazon_17939","0.9452216310329123"
"Covers_16586","Amazon_21305","0.919491117143797"
"Covers_17410","Amazon_9174","0.9072179174325431"
"Covers_8898","Amazon_16605","0.932933552951493"
"Covers_8740","Amazon_7419","0.974849868614768"
"Covers_15801","Amazon_11660","0.9319403578986106"
"Covers_32743","Amazon_7109","0.9144434254253697"
"Covers_44619","Amazon_17855","0.920570385561848"
"Covers_6895","Amazon_18143","0.9003111856462951"
"Covers_6711","Amazon_1132","0.974849868614768"
"Covers_43338","Amazon_18149","0.974849868614768"
"Covers_7358","Amazon_15348","0.974849868614768"
"Covers_8186","Amazon_1573","0.974849868614768"
"Covers_5564","Amazon_2835","0.974849868614768"
"Covers_1276","Amazon_1841","0.949264117659558"
"Covers_7467","Amazon_1876","0.9092674926168102"
"Covers_1767","Amazon_5178","0.9323785436856837"
"Covers_14456","Amazon_18114","0.936044692775475"
"Covers_67","Amazon_5288","0.947072409780987"
"Covers_277","Amazon_15394","0.9221912962462491"
"Covers_3862","Amazon_10647","0.974849868614768"
"Covers_416","Amazon_3521","0.911519409757614"
"Covers_8519","Amazon_4156","0.9065613996482931"
"Covers_11277","Amazon_4796","0.9376452977551131"
"Covers_819","Amazon_10983","0.9388513456127942"
"Covers_1767","Amazon_4568","0.9099163130289445"
"Covers_1179","Amazon_3069","0.9417033676113457"
"Covers_4727","Amazon_15459","0.936505874498237"
"Covers_6271","Amazon_7339","0.9149724153619615"
"Covers_6546","Amazon_3394","0.974849868614768"
"Covers_20333","Amazon_17370","0.9298912689125124"
"Covers_13197","Amazon_17900","0.974849868614768"
"Covers_17997","Amazon_13369","0.9078077146153286"
"Covers_6259","Amazon_13251","0.9495967660764336"
"Covers_25710","Amazon_4627","0.9031415512103637"
"Covers_3709","Amazon_11645","0.974849868614768"
"Covers_7888","Amazon_21050","0.974849868614768"
"Covers_49937","Amazon_14193","0.974849868614768"
"Covers_20608","Amazon_17243","0.974849868614768"
"Covers_6691","Amazon_15179","0.974849868614768"
"Covers_42656","Amazon_17961","0.974849868614768"
"Covers_5259","Amazon_11924","0.974849868614768"
"Covers_5864","Amazon_15445","0.9092674926168102"
"Covers_8228","Amazon_5083","0.974849868614768"
"Covers_1746","Amazon_13573","0.9092674926168102"
"Covers_1977","Amazon_18504","0.9233799687138237"
"Covers_2771","Amazon_239","0.974849868614768"
"Covers_514","Amazon_12960","0.90771724435636"
"Covers_8115","Amazon_16960","0.9299741857728449"
"Covers_4074","Amazon_20964","0.974849868614768"
"Covers_26173","Amazon_18016","0.974849868614768"
"Covers_34888","Amazon_21122","0.904496885396052"
"Covers_6476","Amazon_6999","0.974849868614768"
"Covers_225","Amazon_7123","0.9395415719649556"
"Covers_6436","Amazon_4366","0.974849868614768"
"Covers_7939","Amazon_132","0.974849868614768"
"Covers_7157","Amazon_11297","0.9077360203306588"
"Covers_7690","Amazon_4639","0.9092674926168102"
"Covers_1068","Amazon_7679","0.974849868614768"
"Covers_7670","Amazon_12954","0.9061195183386086"
"Covers_6127","Amazon_8323","0.974849868614768"
"Covers_6351","Amazon_11947","0.974849868614768"
"Covers_5353","Amazon_1586","0.9367607452270201"
"Covers_70","Amazon_18392","0.9714904438380292"
"Covers_47123","Amazon_13612","0.9732975401691251"
"Covers_7792","Amazon_13076","0.974849868614768"
"Covers_45963","Amazon_5234","0.974849868614768"
"Covers_8672","Amazon_15323","0.9227765662247739"
"Covers_1322","Amazon_2300","0.974849868614768"
"Covers_8887","Amazon_13972","0.957024156152917"
"Covers_9922","Amazon_4733","0.9007643015517776"
"Covers_6927","Amazon_7408","0.974849868614768"
"Covers_1428","Amazon_8030","0.9042972182579606"
"Covers_5572","Amazon_15222","0.9149724153619615"
"Covers_8132","Amazon_5037","0.974849868614768"
"Covers_6822","Amazon_16898","0.9683902258846171"
"Covers_5376","Amazon_15197","0.974849868614768"
"Covers_5633","Amazon_9716","0.974849868614768"
"Covers_6065","Amazon_941","0.9136336464422953"
"Covers_632","Amazon_15426","0.974849868614768"
"Covers_867","Amazon_13971","0.9092674926168102"
"Covers_10422","Amazon_17900","0.9252615997476532"
"Covers_33871","Amazon_14455","0.974849868614768"
"Covers_1","Amazon_7614","0.9452216310329123"
"Covers_2229","Amazon_15059","0.9171016982862621"
"Covers_7880","Amazon_1083","0.974849868614768"
"Covers_28895","Amazon_18031","0.9015479711903522"
"Covers_5394","Amazon_3218","0.9192009047343578"
"Covers_1638","Amazon_5061","0.974849868614768"
"Covers_8061","Amazon_2858","0.974849868614768"
"Covers_43553","Amazon_21261","0.9240375955936412"
"Covers_737","Amazon_7676","0.9347149656547461"
"Covers_16015","Amazon_2118","0.9706615746909539"
"Covers_1956","Amazon_15323","0.9293608521170618"
"Covers_6729","Amazon_7269","0.974849868614768"
"Covers_3729","Amazon_1992","0.9144434254253697"
"Covers_1767","Amazon_4491","0.9099163130289445"
"Covers_4596","Amazon_13314","0.9292524783846755"
"Covers_17217","Amazon_11722","0.936044692775475"
"Covers_1758","Amazon_11740","0.974849868614768"
"Covers_15751","Amazon_16893","0.9092674926168102"
"Covers_37304","Amazon_17700","0.968688901866631"
"Covers_1733","Amazon_17758","0.9136336464422953"
"Covers_37961","Amazon_7146","0.9071397669347278"
"Covers_5225","Amazon_15296","0.9548018692016669"
"Covers_15751","Amazon_6988","0.9092674926168102"
"Covers_6800","Amazon_298","0.974849868614768"
"Covers_8179","Amazon_17611","0.974849868614768"
"Covers_35425","Amazon_18220","0.974849868614768"
"Covers_5594","Amazon_18120","0.974849868614768"
"Covers_30161","Amazon_15555","0.9292524783846755"
"Covers_2935","Amazon_18459","0.962355998471338"
"Covers_1222","Amazon_15216","0.9120886408942183"
"Covers_7518","Amazon_3026","0.974849868614768"
"Covers_8096","Amazon_13112","0.974849868614768"
"Covers_6825","Amazon_16856","0.9553887525619296"
"Covers_22457","Amazon_10474","0.9079332098169338"
"Covers_16918","Amazon_7534","0.9063651054597542"
"Covers_6486","Amazon_13665","0.974849868614768"
"Covers_8889","Amazon_4186","0.974849868614768"
"Covers_8898","Amazon_16346","0.932933552951493"
"Covers_8227","Amazon_7215","0.974849868614768"
"Covers_6601","Amazon_17473","0.974849868614768"
"Covers_12088","Amazon_8571","0.9217991781627176"
"Covers_1264","Amazon_4688","0.9217991781627176"
"Covers_22235","Amazon_10740","0.9274064158839519"
"Covers_301","Amazon_20893","0.9198265935209599"
"Covers_2747","Amazon_18072","0.974849868614768"
"Covers_5172","Amazon_11198","0.974849868614768"
"Covers_29877","Amazon_4408","0.974849868614768"
"Covers_1207","Amazon_16374","0.974849868614768"
"Covers_7914","Amazon_16973","0.9144434254253697"
"Covers_1326","Amazon_7452","0.974849868614768"
"Covers_36131","Amazon_3605","0.9438663605013494"
"Covers_34949","Amazon_21234","0.9193502810171911"
"Covers_1188","Amazon_7604","0.974849868614768"
"Covers_8877","Amazon_11003","0.9674711980705996"
"Covers_3917","Amazon_5318","0.9312033676399809"
"Covers_7289","Amazon_16283","0.9523599299385225"
"Covers_225","Amazon_5073","0.9395415719649556"
"Covers_14563","Amazon_1974","0.928285023638529"
"Covers_7976","Amazon_7190","0.974849868614768"
"Covers_6588","Amazon_7804","0.974849868614768"
"Covers_48790","Amazon_14189","0.974849868614768"
"Covers_35015","Amazon_17807","0.91188978739805"
"Covers_8760","Amazon_7633","0.974849868614768"
"Covers_5348","Amazon_14605","0.974849868614768"
"Covers_2683","Amazon_11143","0.9631167959068476"
"Covers_48581","Amazon_12312","0.974849868614768"
"Covers_8403","Amazon_7429","0.974849868614768"
"Covers_12150","Amazon_4549","0.974849868614768"
"Covers_446","Amazon_4984","0.9343444348463628"
"Covers_8535","Amazon_17286","0.974849868614768"
"Covers_5569","Amazon_3577","0.974849868614768"
"Covers_2133","Amazon_7574","0.974849868614768"
"Covers_7914","Amazon_17039","0.974849868614768"
"Covers_2538","Amazon_20777","0.974849868614768"
"Covers_186","Amazon_8004","0.974849868614768"
"Covers_949","Amazon_3925","0.974849868614768"
"Covers_16547","Amazon_17780","0.974849868614768"
"Covers_4771","Amazon_3597","0.9171930743745886"
"Covers_10199","Amazon_5201","0.947072409780987"
"Covers_1334","Amazon_757","0.974849868614768"
"Covers_2890","Amazon_80","0.9073581750891453"
"Covers_22142","Amazon_17063","0.9092674926168102"
"Covers_215","Amazon_18085","0.9189150309234918"
"Covers_2380","Amazon_3370","0.9160875035520343"
"Covers_46835","Amazon_17692","0.9711124405790221"
"Covers_37591","Amazon_16941","0.974849868614768"
"Covers_739","Amazon_15079","0.9650831982364431"
"Covers_9922","Amazon_17194","0.9007643015517776"
"Covers_39404","Amazon_18928","0.9146950665957028"
"Covers_5405","Amazon_120","0.9320167643928885"
"Covers_35025","Amazon_17839","0.974849868614768"
"Covers_17297","Amazon_4728","0.974849868614768"
"Covers_8281","Amazon_4885","0.974849868614768"
"Covers_66","Amazon_18146","0.9144434254253697"
"Covers_22728","Amazon_21055","0.974849868614768"
"Covers_7410","Amazon_16404","0.974849868614768"
"Covers_7079","Amazon_5022","0.974849868614768"
"Covers_1178","Amazon_21575","0.9653216099233881"
"Covers_47259","Amazon_10519","0.93993985456261"
"Covers_1591","Amazon_7479","0.974849868614768"
"Covers_2224","Amazon_2214","0.9738985487930909"
"Covers_26323","Amazon_18214","0.974849868614768"
"Covers_46483","Amazon_4951","0.9067062131929409"
"Covers_3371","Amazon_10332","0.9523599299385225"
"Covers_6149","Amazon_2307","0.9566361393218412"
"Covers_8495","Amazon_15201","0.974849868614768"
"Covers_7356","Amazon_20961","0.974849868614768"
"Covers_7056","Amazon_17014","0.974849868614768"
"Covers_7268","Amazon_7509","0.974849868614768"
"Covers_7658","Amazon_2952","0.974849868614768"
"Covers_15352","Amazon_5154","0.97063877802186"
"Covers_2832","Amazon_806","0.9114320580106718"
"Covers_48790","Amazon_14146","0.974849868614768"
"Covers_26955","Amazon_15282","0.911519409757614"
"Covers_6079","Amazon_13428","0.9124564314263914"
"Covers_364","Amazon_6708","0.974849868614768"
"Covers_22546","Amazon_4317","0.9363832805510235"
"Covers_6347","Amazon_1099","0.974849868614768"
"Covers_8023","Amazon_7316","0.974849868614768"
"Covers_6198","Amazon_14611","0.974849868614768"
"Covers_37618","Amazon_11668","0.974849868614768"
"Covers_24011","Amazon_17065","0.923262315343143"
"Covers_8487","Amazon_21130","0.974849868614768"
"Covers_6259","Amazon_13393","0.9532980598716317"
"Covers_2738","Amazon_18113","0.974849868614768"
"Covers_7102","Amazon_564","0.974849868614768"
"Covers_8219","Amazon_3183","0.974849868614768"
"Covers_279","Amazon_17959","0.917701211365389"
"Covers_7061","Amazon_4688","0.974849868614768"
"Covers_7914","Amazon_17301","0.974849868614768"
"Covers_1434","Amazon_12395","0.9657473648727055"
"Covers_30849","Amazon_4906","0.9192009047343578"
"Covers_26421","Amazon_13137","0.917701211365389"
"Covers_8548","Amazon_13824","0.974849868614768"
"Covers_7563","Amazon_7188","0.974849868614768"
"Covers_670","Amazon_7778","0.9125929845866877"
"Covers_8402","Amazon_7618","0.974849868614768"
"Covers_48450","Amazon_7262","0.9674711980705996"
"Covers_25045","Amazon_17303","0.974849868614768"
"Covers_66","Amazon_17666","0.9144434254253697"
"Covers_7149","Amazon_684","0.974849868614768"
"Covers_29903","Amazon_11389","0.97236905725824"
"Covers_632","Amazon_15537","0.932933552951493"
"Covers_7466","Amazon_18080","0.974849868614768"
"Covers_8281","Amazon_4528","0.974849868614768"
"Covers_26708","Amazon_696","0.974849868614768"
"Covers_21408","Amazon_7446","0.974849868614768"
"Covers_1063","Amazon_8805","0.974849868614768"
"Covers_8402","Amazon_18181","0.974849868614768"
"Covers_7358","Amazon_5029","0.974849868614768"
"Covers_6259","Amazon_13167","0.9643154699318648"
"Covers_416","Amazon_11859","0.911519409757614"
"Covers_2583","Amazon_16287","0.974849868614768"
"Covers_5569","Amazon_3551","0.974849868614768"
"Covers_49937","Amazon_14482","0.974849868614768"
"Covers_2299","Amazon_5117","0.974849868614768"
"Covers_2736","Amazon_2760","0.974849868614768"
"Covers_2932","Amazon_15161","0.974849868614768"
"Covers_43065","Amazon_14854","0.974849868614768"
"Covers_7145","Amazon_7773","0.974849868614768"
"Covers_1334","Amazon_135","0.974849868614768"
"Covers_11472","Amazon_10330","0.9022978906320929"
"Covers_34279","Amazon_15413","0.974849868614768"
"Covers_1743","Amazon_22217","0.974849868614768"
"Covers_7034","Amazon_3141","0.974849868614768"
"Covers_36233","Amazon_4747","0.9669868626195025"
"Covers_416","Amazon_2857","0.911519409757614"
"Covers_8824","Amazon_21630","0.974849868614768"
"Covers_402","Amazon_15153","0.917494166251221"
"Covers_5001","Amazon_14092","0.9506530744959347"
"Covers_182","Amazon_3365","0.9543438140337586"
"Covers_26203","Amazon_16801","0.9456962968877042"
"Covers_8799","Amazon_17998","0.974849868614768"
"Covers_3817","Amazon_15578","0.9272613742590137"
"Covers_13546","Amazon_17916","0.974849868614768"
"Covers_8478","Amazon_17556","0.974849868614768"
"Covers_4546","Amazon_3779","0.974849868614768"
"Covers_14680","Amazon_13118","0.974849868614768"
"Covers_3273","Amazon_3299","0.9215694352017244"
"Covers_7062","Amazon_1596","0.974849868614768"
"Covers_1482","Amazon_15160","0.9213368022495569"
"Covers_38833","Amazon_6783","0.9118951952621566"
"Covers_24011","Amazon_16957","0.9111205535763781"
"Covers_39845","Amazon_17958","0.974849868614768"
"Covers_4788","Amazon_18358","0.9523599299385225"
"Covers_14863","Amazon_17252","0.9003096635550264"
"Covers_15751","Amazon_17758","0.9092674926168102"
"Covers_7246","Amazon_20895","0.974849868614768"
"Covers_26955","Amazon_15243","0.974849868614768"
"Covers_1733","Amazon_16893","0.9136336464422953"
"Covers_3475","Amazon_13792","0.9597608048587016"
"Covers_40221","Amazon_15601","0.9228106325561738"
"Covers_6720","Amazon_15186","0.974849868614768"
"Covers_7225","Amazon_14448","0.974849868614768"
"Covers_1801","Amazon_13307","0.9705010300208651"
"Covers_6226","Amazon_18841","0.974849868614768"
"Covers_810","Amazon_4619","0.974849868614768"
"Covers_27525","Amazon_11577","0.974849868614768"
"Covers_2135","Amazon_15420","0.911519409757614"
"Covers_1733","Amazon_6988","0.9136336464422953"
"Covers_446","Amazon_15037","0.9343444348463628"
"Covers_907","Amazon_13032","0.9003096635550264"
"Covers_6272","Amazon_18286","0.974849868614768"
"Covers_27501","Amazon_7688","0.9029937450001568"
"Covers_7870","Amazon_21713","0.974849868614768"
"Covers_8250","Amazon_11761","0.974849868614768"
"Covers_5902","Amazon_18786","0.974849868614768"
"Covers_2027","Amazon_14077","0.974849868614768"
"Covers_8578","Amazon_18303","0.974849868614768"
"Covers_7728","Amazon_13025","0.974849868614768"
"Covers_8550","Amazon_20930","0.9732975401691251"
"Covers_1637","Amazon_4494","0.9292524783846755"
"Covers_7303","Amazon_17207","0.974849868614768"
"Covers_788","Amazon_17547","0.9303228531482053"
"Covers_7576","Amazon_2927","0.974849868614768"
"Covers_8449","Amazon_1418","0.974849868614768"
"Covers_8512","Amazon_17408","0.974849868614768"
"Covers_27501","Amazon_7657","0.9029937450001568"
"Covers_3206","Amazon_105","0.953910968911714"
"Covers_7050","Amazon_15328","0.974849868614768"
"Covers_41734","Amazon_17692","0.9063651054597542"
"Covers_6204","Amazon_1606","0.9714032873345205"
"Covers_1398","Amazon_7491","0.974849868614768"
"Covers_8512","Amazon_17060","0.974849868614768"
"Covers_4604","Amazon_3683","0.9620406111531231"
"Covers_30793","Amazon_11075","0.9316397505952237"
"Covers_5897","Amazon_942","0.974849868614768"
"Covers_5070","Amazon_17856","0.9520597070489456"
"Covers_5029","Amazon_4916","0.902485648634382"
"Covers_4900","Amazon_11224","0.974849868614768"
"Covers_7235","Amazon_1002","0.974849868614768"
"Covers_8521","Amazon_3153","0.974849868614768"
"Covers_5403","Amazon_13658","0.961400336199369"
"Covers_10199","Amazon_4900","0.9377707156788163"
"Covers_11916","Amazon_15059","0.9547266637188011"
"Covers_3989","Amazon_5300","0.902485648634382"
"Covers_7096","Amazon_15210","0.9040170928363442"
"Covers_41343","Amazon_16153","0.9132209822970994"
"Covers_14456","Amazon_5173","0.936044692775475"
"Covers_1617","Amazon_16382","0.9346271275332876"
"Covers_5984","Amazon_19954","0.974849868614768"
"Covers_2319","Amazon_15847","0.974849868614768"
"Covers_5564","Amazon_11622","0.9418441197728895"
"Covers_27922","Amazon_10338","0.974849868614768"
"Covers_1192","Amazon_4646","0.913811376495148"
"Covers_8799","Amazon_16863","0.974849868614768"
"Covers_6347","Amazon_1643","0.974849868614768"
"Covers_33481","Amazon_15242","0.9233799687138237"
"Covers_758","Amazon_13084","0.9680612544213887"
"Covers_909","Amazon_10591","0.974849868614768"
"Covers_39845","Amazon_18270","0.9435874427497379"
"Covers_7645","Amazon_8686","0.902485648634382"
"Covers_2359","Amazon_17852","0.9092674926168102"
"Covers_22457","Amazon_10526","0.9048536324763817"
"Covers_5062","Amazon_700","0.9548018692016669"
"Covers_26623","Amazon_15162","0.974849868614768"
"Covers_22356","Amazon_3330","0.974849868614768"
"Covers_5569","Amazon_3590","0.974849868614768"
"Covers_37272","Amazon_18141","0.9008458433126024"
"Covers_6369","Amazon_3114","0.974849868614768"
"Covers_1767","Amazon_5223","0.926073036461639"
"Covers_1040","Amazon_21009","0.9452216310329123"
"Covers_8899","Amazon_8105","0.974849868614768"
"Covers_44288","Amazon_7354","0.974849868614768"
"Covers_3161","Amazon_18300","0.9171091211901463"
"Covers_8171","Amazon_15242","0.9233799687138237"
"Covers_1807","Amazon_78","0.9264668222202208"
"Covers_22140","Amazon_20567","0.974849868614768"
"Covers_24515","Amazon_3102","0.9124059630637575"
"Covers_8402","Amazon_15074","0.974849868614768"
"Covers_34044","Amazon_17150","0.9146950665957028"
"Covers_7565","Amazon_5255","0.974849868614768"
"Covers_811","Amazon_15388","0.974849868614768"
"Covers_16917","Amazon_15534","0.9047036355755826"
"Covers_9922","Amazon_16879","0.9007643015517776"
"Covers_2362","Amazon_18302","0.9517116601641072"
"Covers_3868","Amazon_3496","0.974849868614768"
"Covers_1814","Amazon_2905","0.974849868614768"
"Covers_2927","Amazon_4951","0.923262315343143"
"Covers_6374","Amazon_8893","0.974849868614768"
"Covers_39756","Amazon_3141","0.974849868614768"
"Covers_40239","Amazon_7817","0.9650831982364431"
"Covers_7788","Amazon_3342","0.974849868614768"
"Covers_1913","Amazon_4439","0.9567745479608644"
"Covers_7096","Amazon_10860","0.9589149896325097"
"Covers_119","Amazon_5079","0.9164378361940597"
"Covers_36233","Amazon_21233","0.947072409780987"
"Covers_91","Amazon_11085","0.9092674926168102"
"Covers_19143","Amazon_15146","0.9092674926168102"
"Covers_1276","Amazon_20386","0.949264117659558"
"Covers_36855","Amazon_18934","0.974849868614768"
"Covers_39845","Amazon_18079","0.974849868614768"
"Covers_5456","Amazon_12516","0.974849868614768"
"Covers_7356","Amazon_21002","0.9153222355611222"
"Covers_22689","Amazon_20867","0.9639361269811577"
"Covers_21800","Amazon_20860","0.9146085118696862"
"Covers_21371","Amazon_20348","0.9225560511373722"
"Covers_6982","Amazon_22457","0.974849868614768"
"Covers_7173","Amazon_16992","0.974849868614768"
"Covers_22457","Amazon_10244","0.9048536324763817"
"Covers_18654","Amazon_15119","0.9610789545675126"
"Covers_34736","Amazon_17002","0.974849868614768"
"Covers_8447","Amazon_13606","0.974849868614768"
"Covers_30560","Amazon_5239","0.974849868614768"
"Covers_17297","Amazon_17725","0.974849868614768"
"Covers_23922","Amazon_20959","0.9454345482368316"
"Covers_8268","Amazon_2100","0.974849868614768"
"Covers_27744","Amazon_21071","0.921286118062093"
"Covers_7156","Amazon_14984","0.974849868614768"
"Covers_13177","Amazon_20091","0.974849868614768"
"Covers_3727","Amazon_13622","0.9092674926168102"
"Covers_1814","Amazon_2875","0.974849868614768"
"Covers_15779","Amazon_5604","0.9316397505952237"
"Covers_788","Amazon_17561","0.9303228531482053"
"Covers_8646","Amazon_7467","0.974849868614768"
"Covers_8599","Amazon_1091","0.974849868614768"
"Covers_5306","Amazon_11690","0.9029937450001568"
"Covers_2638","Amazon_13725","0.9425112605239343"
"Covers_8898","Amazon_22322","0.9160508955155493"
"Covers_8499","Amazon_16408","0.974849868614768"
"Covers_3422","Amazon_5715","0.9219124002260575"
"Covers_6259","Amazon_13086","0.974849868614768"
"Covers_13545","Amazon_9553","0.974849868614768"
"Covers_7122","Amazon_11730","0.974849868614768"
"Covers_254","Amazon_15927","0.9032202853246891"
"Covers_5373","Amazon_15939","0.9443547684807029"
"Covers_3045","Amazon_17827","0.926759612155078"
"Covers_3322","Amazon_18144","0.974849868614768"
"Covers_35232","Amazon_15380","0.9634181591191142"
"Covers_25134","Amazon_4939","0.974849868614768"
"Covers_3862","Amazon_10849","0.974849868614768"
"Covers_6393","Amazon_20948","0.974849868614768"
"Covers_766","Amazon_7653","0.974849868614768"
"Covers_5775","Amazon_2127","0.9707680832600818"
"Covers_7663","Amazon_7420","0.974849868614768"
"Covers_34587","Amazon_20904","0.9179189359914973"
"Covers_6896","Amazon_16341","0.974849868614768"
"Covers_8268","Amazon_13268","0.974849868614768"
"Covers_7089","Amazon_7621","0.9164378361940597"
"Covers_47285","Amazon_18035","0.974849868614768"
"Covers_1916","Amazon_18008","0.9313299536540611"
"Covers_2255","Amazon_13084","0.9292524783846755"
"Covers_7550","Amazon_22200","0.974849868614768"
"Covers_48195","Amazon_21168","0.9339264747274614"
"Covers_7168","Amazon_18000","0.974849868614768"
"Covers_5564","Amazon_2909","0.974849868614768"
"Covers_7825","Amazon_16483","0.974849868614768"
"Covers_27501","Amazon_7795","0.9029937450001568"
"Covers_43426","Amazon_15302","0.974849868614768"
"Covers_3779","Amazon_19545","0.974849868614768"
"Covers_8630","Amazon_7807","0.974849868614768"
"Covers_6601","Amazon_17389","0.974849868614768"
"Covers_7438","Amazon_17890","0.974849868614768"
"Covers_22130","Amazon_17884","0.9391348487532791"
"Covers_7410","Amazon_73","0.9366797536494196"
"Covers_28505","Amazon_17801","0.974849868614768"
"Covers_277","Amazon_11514","0.9225054038024669"
"Covers_590","Amazon_18354","0.974849868614768"
"Covers_7791","Amazon_2337","0.974849868614768"
"Covers_5004","Amazon_9139","0.974849868614768"
"Covers_6580","Amazon_13622","0.9045853703220652"
"Covers_13589","Amazon_724","0.9335718990678035"
"Covers_1206","Amazon_15202","0.9280371212299929"
"Covers_858","Amazon_21345","0.974849868614768"
"Covers_7773","Amazon_21539","0.9068649407886692"
"Covers_23574","Amazon_7782","0.974849868614768"
"Covers_6288","Amazon_7587","0.974849868614768"
"Covers_3381","Amazon_7905","0.974849868614768"
"Covers_6394","Amazon_18141","0.974849868614768"
"Covers_8568","Amazon_18118","0.9319411262256936"
"Covers_6295","Amazon_4921","0.974849868614768"
"Covers_3825","Amazon_3461","0.9028078605202298"
"Covers_27501","Amazon_18201","0.9029937450001568"
"Covers_1767","Amazon_15110","0.9099163130289445"
"Covers_31895","Amazon_18351","0.9292524783846755"
"Covers_1561","Amazon_14819","0.9134704903128849"
"Covers_8063","Amazon_9949","0.9717990822182037"
"Covers_28505","Amazon_18004","0.974849868614768"
"Covers_6721","Amazon_16573","0.9610789545675126"
"Covers_3516","Amazon_21145","0.9028739913214655"
"Covers_988","Amazon_16363","0.9125929845866877"
"Covers_7576","Amazon_14999","0.974849868614768"
"Covers_40221","Amazon_15353","0.9228106325561738"
"Covers_6259","Amazon_13374","0.9608372888874929"
"Covers_10724","Amazon_14160","0.9424930842066674"
"Covers_7096","Amazon_5147","0.9040170928363442"
"Covers_30503","Amazon_5128","0.9346672076703895"
"Covers_1327","Amazon_7445","0.974849868614768"
"Covers_7410","Amazon_11519","0.9366797536494196"
"Covers_5185","Amazon_8731","0.974849868614768"
"Covers_6455","Amazon_2440","0.974849868614768"
"Covers_539","Amazon_18278","0.9018880547224453"
"Covers_635","Amazon_15398","0.9354532204781345"
"Covers_8410","Amazon_3632","0.9327280826213878"
"Covers_5376","Amazon_15547","0.974849868614768"
"Covers_18294","Amazon_10558","0.9198265935209599"
"Covers_7425","Amazon_20187","0.974849868614768"
"Covers_41154","Amazon_21132","0.9481384157795538"
"Covers_2190","Amazon_13311","0.9065085963334863"
"Covers_348","Amazon_3141","0.974849868614768"
"Covers_11452","Amazon_15282","0.9164776137004874"
"Covers_40058","Amazon_7512","0.9175006689807695"
"Covers_2844","Amazon_5244","0.9477480588521937"
"Covers_37961","Amazon_6988","0.9071397669347278"
"Covers_7009","Amazon_1737","0.974849868614768"
"Covers_2370","Amazon_1005","0.9078784776126374"
"Covers_35232","Amazon_15367","0.9634181591191142"
"Covers_6436","Amazon_7056","0.974849868614768"
"Covers_7405","Amazon_12115","0.974849868614768"
"Covers_37961","Amazon_16893","0.9071397669347278"
"Covers_12150","Amazon_4353","0.974849868614768"
"Covers_6597","Amazon_21234","0.974849868614768"
"Covers_8593","Amazon_1990","0.9567745479608644"
"Covers_904","Amazon_13300","0.974849868614768"
"Covers_15751","Amazon_7146","0.9092674926168102"
"Covers_5819","Amazon_1104","0.974849868614768"
"Covers_12533","Amazon_7873","0.9520886534221307"
"Covers_5147","Amazon_9147","0.974849868614768"
"Covers_3060","Amazon_15243","0.911519409757614"
"Covers_6918","Amazon_4805","0.974849868614768"
"Covers_33921","Amazon_677","0.9402301051841463"
"Covers_1599","Amazon_3890","0.974849868614768"
"Covers_6394","Amazon_18114","0.9128037039056492"
"Covers_8443","Amazon_15028","0.974849868614768"
"Covers_30849","Amazon_5264","0.9222853381629253"
"Covers_2342","Amazon_18085","0.974849868614768"
"Covers_49850","Amazon_15394","0.9104942916213256"
"Covers_8568","Amazon_17938","0.9319411262256936"
"Covers_7399","Amazon_15444","0.974849868614768"
"Covers_15287","Amazon_3010","0.9716521843421047"
"Covers_25217","Amazon_17571","0.955050380998747"
"Covers_4252","Amazon_16040","0.9287568295759479"
"Covers_6111","Amazon_15243","0.9006550205681869"
"Covers_5233","Amazon_11209","0.9717990822182037"
"Covers_6719","Amazon_7502","0.9120886408942183"
"Covers_2659","Amazon_2044","0.974849868614768"
"Covers_7710","Amazon_17593","0.974849868614768"
"Covers_4900","Amazon_16560","0.9517116601641072"
"Covers_6880","Amazon_21375","0.974849868614768"
"Covers_47065","Amazon_16898","0.9119528824609368"
"Covers_5631","Amazon_15581","0.974849868614768"
"Covers_8134","Amazon_15000","0.9567745479608644"
"Covers_5071","Amazon_4226","0.9454794362378125"
"Covers_7851","Amazon_22431","0.974849868614768"
"Covers_6436","Amazon_7516","0.974849868614768"
"Covers_1893","Amazon_11012","0.974849868614768"
"Covers_45364","Amazon_7534","0.942014604449354"
"Covers_737","Amazon_7104","0.9446626049819099"
"Covers_1514","Amazon_15653","0.9048829040736117"
"Covers_39845","Amazon_10185","0.974849868614768"
"Covers_11969","Amazon_11362","0.974849868614768"
"Covers_6920","Amazon_17432","0.974849868614768"
"Covers_680","Amazon_13479","0.9663274921990666"
"Covers_10586","Amazon_5102","0.9680612544213887"
"Covers_39197","Amazon_17150","0.9292524783846755"
"Covers_6181","Amazon_8491","0.974849868614768"
"Covers_8040","Amazon_21071","0.9362887234910131"
"Covers_7308","Amazon_1220","0.974849868614768"
"Covers_7470","Amazon_21346","0.974849868614768"
"Covers_14563","Amazon_13785","0.928285023638529"
"Covers_6861","Amazon_8944","0.9569106464353978"
"Covers_6993","Amazon_17834","0.9567745479608644"
"Covers_8758","Amazon_11891","0.9038113679008769"
"Covers_4804","Amazon_15209","0.9721686648337577"
"Covers_4631","Amazon_1741","0.926759612155078"
"Covers_25354","Amazon_7818","0.903012641424047"
"Covers_22130","Amazon_5102","0.9092674926168102"
"Covers_6259","Amazon_13258","0.9643154699318648"
"Covers_6340","Amazon_15336","0.9676971538064258"
"Covers_4179","Amazon_10396","0.9520068255994624"
"Covers_23404","Amazon_19087","0.974849868614768"
"Covers_35164","Amazon_1578","0.9052282020879119"
"Covers_14800","Amazon_4926","0.974849868614768"
"Covers_37072","Amazon_20860","0.974849868614768"
"Covers_5312","Amazon_1579","0.9312033676399809"
"Covers_909","Amazon_13272","0.926759612155078"
"Covers_8655","Amazon_4899","0.9134692934562524"
"Covers_3867","Amazon_10007","0.9255693916712135"
"Covers_23872","Amazon_21168","0.9339264747274614"
"Covers_3741","Amazon_11514","0.9022732420915052"
"Covers_15953","Amazon_21991","0.9092674926168102"
"Covers_7159","Amazon_4699","0.974849868614768"
"Covers_3273","Amazon_2859","0.9215694352017244"
"Covers_6840","Amazon_16882","0.974849868614768"
"Covers_766","Amazon_6991","0.974849868614768"
"Covers_137","Amazon_420","0.943719275040279"
"Covers_8824","Amazon_22644","0.974849868614768"
"Covers_2176","Amazon_11939","0.974849868614768"
"Covers_34826","Amazon_10396","0.93993985456261"
"Covers_2058","Amazon_4739","0.974849868614768"
"Covers_8521","Amazon_11965","0.974849868614768"
"Covers_7072","Amazon_18182","0.974849868614768"
"Covers_1960","Amazon_3354","0.974849868614768"
"Covers_5125","Amazon_17978","0.974849868614768"
"Covers_7157","Amazon_10986","0.974849868614768"
"Covers_32017","Amazon_16958","0.9062058714310135"
"Covers_7682","Amazon_17052","0.974849868614768"
"Covers_7096","Amazon_10283","0.9589149896325097"
"Covers_22130","Amazon_18101","0.974849868614768"
"Covers_5927","Amazon_8023","0.9245745611719985"
"Covers_8778","Amazon_1934","0.974849868614768"
"Covers_639","Amazon_11942","0.974849868614768"
"Covers_8186","Amazon_2075","0.974849868614768"
"Covers_28089","Amazon_17900","0.941144913137949"
"Covers_8221","Amazon_7988","0.923262315343143"
"Covers_1899","Amazon_13215","0.974849868614768"
"Covers_17610","Amazon_11554","0.974849868614768"
"Covers_7168","Amazon_17910","0.974849868614768"
"Covers_225","Amazon_4470","0.9395415719649556"
"Covers_24011","Amazon_13144","0.9120101702038156"
"Covers_5441","Amazon_13866","0.9020471081968401"
"Covers_16880","Amazon_20587","0.946640241109169"
"Covers_6674","Amazon_12936","0.974849868614768"
"Covers_8655","Amazon_4351","0.974849868614768"
"Covers_28681","Amazon_18141","0.9087430677077968"
"Covers_35025","Amazon_17886","0.974849868614768"
"Covers_3520","Amazon_16231","0.9352203988801399"
"Covers_2448","Amazon_15472","0.974849868614768"
"Covers_7674","Amazon_14356","0.974849868614768"
"Covers_7089","Amazon_7678","0.974849868614768"
"Covers_5418","Amazon_15547","0.9402301051841463"
"Covers_1015","Amazon_16958","0.9062058714310135"
"Covers_5625","Amazon_7355","0.9239991069522613"
"Covers_15309","Amazon_22481","0.9149724153619615"
"Covers_258","Amazon_8019","0.974849868614768"
"Covers_7268","Amazon_7066","0.974849868614768"
"Covers_44843","Amazon_10558","0.9092674926168102"
"Covers_7877","Amazon_7211","0.974849868614768"
"Covers_5988","Amazon_14956","0.9343444348463628"
"Covers_1913","Amazon_1204","0.9397415456007614"
"Covers_39700","Amazon_20260","0.9668385061624556"
"Covers_7150","Amazon_15475","0.9379882729755088"
"Covers_5966","Amazon_11735","0.936044692775475"
"Covers_16850","Amazon_16517","0.974849868614768"
"Covers_7690","Amazon_16890","0.9083782879832063"
"Covers_20597","Amazon_15815","0.974849868614768"
"Covers_37769","Amazon_5026","0.974849868614768"
"Covers_8740","Amazon_4884","0.974849868614768"
"Covers_47259","Amazon_10837","0.9356947205333713"
"Covers_3157","Amazon_15402","0.9011750511908005"
"Covers_5316","Amazon_1711","0.974849868614768"
"Covers_7246","Amazon_4657","0.974849868614768"
"Covers_7285","Amazon_7535","0.974849868614768"
"Covers_49079","Amazon_15199","0.9668890689949895"
"Covers_7678","Amazon_7417","0.974849868614768"
"Covers_1977","Amazon_2460","0.9381022060198552"
"Covers_6592","Amazon_17754","0.974849868614768"
"Covers_6934","Amazon_14796","0.974849868614768"
"Covers_1527","Amazon_21209","0.974849868614768"
"Covers_1767","Amazon_5062","0.928416568004511"
"Covers_8548","Amazon_13584","0.974849868614768"
"Covers_8315","Amazon_14337","0.974849868614768"
"Covers_11472","Amazon_10952","0.9103332191916241"
"Covers_8488","Amazon_15638","0.9320735674480943"
"Covers_7501","Amazon_7672","0.9096861603668696"
"Covers_37272","Amazon_18114","0.9299207095647337"
"Covers_8400","Amazon_7468","0.974849868614768"
"Covers_8443","Amazon_15272","0.974849868614768"
"Covers_29247","Amazon_22308","0.974849868614768"
"Covers_3274","Amazon_12094","0.9225054038024669"
"Covers_5070","Amazon_17807","0.9054349179869284"
"Covers_8449","Amazon_1182","0.974849868614768"
"Covers_819","Amazon_70","0.9388513456127942"
"Covers_15287","Amazon_3441","0.9716521843421047"
"Covers_6223","Amazon_15578","0.9293099947747969"
"Covers_13055","Amazon_11811","0.974849868614768"
"Covers_4491","Amazon_4591","0.974849868614768"
"Covers_8558","Amazon_3387","0.974849868614768"
"Covers_8364","Amazon_10723","0.9641960704501708"
"Covers_7368","Amazon_18276","0.974849868614768"
"Covers_4985","Amazon_20034","0.974849868614768"
"Covers_4631","Amazon_1308","0.936538885746201"
"Covers_8062","Amazon_3082","0.9494913883317868"
"Covers_25261","Amazon_15216","0.9038113679008769"
"Covers_576","Amazon_20243","0.9031537667779245"
"Covers_2073","Amazon_16260","0.9402301051841463"
"Covers_18809","Amazon_10098","0.974849868614768"
"Covers_5579","Amazon_5436","0.974849868614768"
"Covers_8200","Amazon_18199","0.974849868614768"
"Covers_1070","Amazon_1663","0.9082336813493974"
"Covers_7769","Amazon_18262","0.974849868614768"
"Covers_40239","Amazon_16916","0.9650831982364431"
"Covers_46835","Amazon_18275","0.9711124405790221"
"Covers_12808","Amazon_11075","0.9491280936486327"
"Covers_30468","Amazon_1197","0.974849868614768"
"Covers_7578","Amazon_7394","0.974849868614768"
"Covers_6436","Amazon_7180","0.974849868614768"
"Covers_8468","Amazon_15490","0.974849868614768"
"Covers_1710","Amazon_5096","0.9319403578986106"
"Covers_8443","Amazon_15239","0.974849868614768"
"Covers_49230","Amazon_16426","0.9254153069834344"
"Covers_4038","Amazon_11119","0.913316862369001"
"Covers_1193","Amazon_11970","0.974849868614768"
"Covers_7376","Amazon_7203","0.974849868614768"
"Covers_12824","Amazon_3150","0.974849868614768"
"Covers_30858","Amazon_7009","0.974849868614768"
"Covers_8478","Amazon_4853","0.974849868614768"
"Covers_24685","Amazon_17828","0.9160077219972521"
"Covers_10199","Amazon_4512","0.947072409780987"
"Covers_8449","Amazon_1115","0.974849868614768"
"Covers_45166","Amazon_4660","0.917494166251221"
"Covers_1814","Amazon_15520","0.974849868614768"
"Covers_6091","Amazon_4540","0.9312033676399809"
"Covers_7079","Amazon_4473","0.974849868614768"
"Covers_5308","Amazon_11556","0.974849868614768"
"Covers_1239","Amazon_19667","0.9003096635550264"
"Covers_7399","Amazon_15033","0.974849868614768"
"Covers_16547","Amazon_17660","0.974849868614768"
"Covers_15352","Amazon_4808","0.974849868614768"
"Covers_1295","Amazon_17505","0.912238854964388"
"Covers_6629","Amazon_17555","0.974849868614768"
"Covers_26832","Amazon_15230","0.974849868614768"
"Covers_1033","Amazon_4607","0.9003096635550264"
"Covers_6470","Amazon_13745","0.974849868614768"
"Covers_8817","Amazon_1860","0.974849868614768"
"Covers_6918","Amazon_5108","0.974849868614768"
"Covers_8740","Amazon_4374","0.974849868614768"
"Covers_32903","Amazon_15413","0.9445978143126951"
"Covers_246","Amazon_7532","0.974849868614768"
"Covers_2864","Amazon_17442","0.974849868614768"
"Covers_6470","Amazon_13902","0.974849868614768"
"Covers_33178","Amazon_18141","0.9581292685829161"
"Covers_2303","Amazon_3369","0.974849868614768"
"Covers_16586","Amazon_21269","0.9146266708621165"
"Covers_7761","Amazon_17483","0.974849868614768"
"Covers_8541","Amazon_17794","0.974849868614768"
"Covers_2793","Amazon_19953","0.9724584326327401"
"Covers_7153","Amazon_1412","0.974849868614768"
"Covers_16586","Amazon_21073","0.9236918043210681"
"Covers_36879","Amazon_17909","0.974849868614768"
"Covers_2066","Amazon_11626","0.974849868614768"
"Covers_35928","Amazon_20833","0.9179189359914973"
"Covers_5569","Amazon_4003","0.974849868614768"
"Covers_6143","Amazon_4543","0.9402301051841463"
"Covers_3956","Amazon_18679","0.974849868614768"
"Covers_8037","Amazon_16394","0.974849868614768"
"Covers_7498","Amazon_4709","0.9692106512367202"
"Covers_5427","Amazon_13795","0.9305124081985456"
"Covers_1070","Amazon_1270","0.9217572281886378"
"Covers_43748","Amazon_17949","0.974849868614768"
"Covers_2004","Amazon_11622","0.9658129668762521"
"Covers_5376","Amazon_15062","0.974849868614768"
"Covers_1783","Amazon_13757","0.974849868614768"
"Covers_1355","Amazon_999","0.9716521843421047"
"Covers_36348","Amazon_4749","0.9692106512367202"
"Covers_34101","Amazon_1148","0.974849868614768"
"Covers_19681","Amazon_13714","0.9112762201068887"
"Covers_4433","Amazon_11608","0.9069465092019483"
"Covers_1159","Amazon_10250","0.9423505650861503"
"Covers_32154","Amazon_3308","0.9028739913214655"
"Covers_17337","Amazon_15155","0.9562090345201304"
"Covers_4302","Amazon_13263","0.974849868614768"
"Covers_7014","Amazon_3147","0.974849868614768"
"Covers_10187","Amazon_13239","0.9619100093719785"
"Covers_6405","Amazon_17630","0.974849868614768"
"Covers_22130","Amazon_18232","0.9391348487532791"
"Covers_46835","Amazon_17829","0.9711124405790221"
"Covers_7231","Amazon_18017","0.974849868614768"
"Covers_7217","Amazon_3408","0.974849868614768"
"Covers_21025","Amazon_10412","0.9141911115761365"
"Covers_7877","Amazon_7236","0.974849868614768"
"Covers_49803","Amazon_10910","0.900271969421689"
"Covers_8103","Amazon_13740","0.9734886310483681"
"Covers_5974","Amazon_16093","0.9669868626195025"
"Covers_8083","Amazon_7676","0.917494166251221"
"Covers_1058","Amazon_14125","0.974849868614768"
"Covers_29130","Amazon_17970","0.974849868614768"
"Covers_7690","Amazon_4733","0.9092674926168102"
"Covers_6914","Amazon_14981","0.974849868614768"
"Covers_20203","Amazon_18422","0.9456391593447213"
"Covers_34044","Amazon_17065","0.9146950665957028"
"Covers_7563","Amazon_7148","0.974849868614768"
"Covers_8571","Amazon_8413","0.9012716164139866"
"Covers_6328","Amazon_14294","0.974849868614768"
"Covers_9922","Amazon_4639","0.9007643015517776"
"Covers_44619","Amazon_18133","0.920570385561848"
"Covers_3735","Amazon_18532","0.974849868614768"
"Covers_48326","Amazon_22363","0.936505874498237"
"Covers_27851","Amazon_21252","0.972940124964373"
"Covers_27501","Amazon_7146","0.9029937450001568"
"Covers_4016","Amazon_11099","0.974849868614768"
"Covers_8495","Amazon_15030","0.974849868614768"
"Covers_17337","Amazon_20897","0.9562090345201304"
"Covers_8262","Amazon_7069","0.974849868614768"
"Covers_14786","Amazon_8516","0.9300665050227355"
"Covers_21500","Amazon_22219","0.974849868614768"
"Covers_32017","Amazon_17071","0.9062058714310135"
"Covers_30560","Amazon_5238","0.974849868614768"
"Covers_7481","Amazon_16430","0.9266855266275381"
"Covers_24697","Amazon_11075","0.9543071917985897"
"Covers_36932","Amazon_20948","0.9152796211409893"
"Covers_4257","Amazon_13525","0.974849868614768"
"Covers_7880","Amazon_1277","0.974849868614768"
"Covers_47800","Amazon_13947","0.974849868614768"
"Covers_1977","Amazon_18457","0.9690275475652894"
"Covers_3998","Amazon_8003","0.9168431707241292"
"Covers_5864","Amazon_15459","0.9092674926168102"
"Covers_310","Amazon_13096","0.9343444348463628"
"Covers_3522","Amazon_11150","0.9359863045534317"
"Covers_38559","Amazon_13552","0.913316862369001"
"Covers_7259","Amazon_3300","0.974849868614768"
"Covers_7106","Amazon_13021","0.974849868614768"
"Covers_348","Amazon_15486","0.974849868614768"
"Covers_20599","Amazon_17802","0.9015479711903522"
"Covers_4727","Amazon_15445","0.936505874498237"
"Covers_23836","Amazon_11289","0.9577898246040045"
"Covers_1887","Amazon_1182","0.974849868614768"
"Covers_27992","Amazon_14893","0.974849868614768"
"Covers_3972","Amazon_11810","0.9068649407886692"
"Covers_6436","Amazon_7038","0.9198265935209599"
"Covers_6003","Amazon_3262","0.9466525345251657"
"Covers_7034","Amazon_15486","0.974849868614768"
"Covers_7096","Amazon_4451","0.9589149896325097"
"Covers_6436","Amazon_7866","0.974849868614768"
"Covers_6375","Amazon_13327","0.9058621509603023"
"Covers_1015","Amazon_17071","0.9062058714310135"
"Covers_3023","Amazon_17705","0.974849868614768"
"Covers_40880","Amazon_14822","0.9387656106511523"
"Covers_8633","Amazon_3060","0.9062058714310135"
"Covers_17297","Amazon_18036","0.974849868614768"
"Covers_1157","Amazon_17340","0.9125929845866877"
"Covers_1648","Amazon_5247","0.974849868614768"
"Covers_3228","Amazon_11546","0.9256116281377097"
"Covers_4941","Amazon_14029","0.9602975888365829"
"Covers_34073","Amazon_4358","0.9297738091508401"
"Covers_42884","Amazon_13630","0.974849868614768"
"Covers_8760","Amazon_6990","0.974849868614768"
"Covers_8228","Amazon_4783","0.974849868614768"
"Covers_1780","Amazon_2664","0.974849868614768"
"Covers_2319","Amazon_3758","0.9484772500886357"
"Covers_35232","Amazon_15127","0.9634181591191142"
"Covers_9158","Amazon_3663","0.9681586886501329"
"Covers_1514","Amazon_19326","0.9048829040736117"
"Covers_6950","Amazon_11708","0.974849868614768"
"Covers_6650","Amazon_16480","0.974849868614768"
"Covers_48971","Amazon_5522","0.9271312194949545"
"Covers_8544","Amazon_21543","0.974849868614768"
"Covers_8828","Amazon_16671","0.974849868614768"
"Covers_4179","Amazon_10519","0.93993985456261"
"Covers_7580","Amazon_14307","0.9424930842066674"
"Covers_7054","Amazon_17480","0.974849868614768"
"Covers_7079","Amazon_19873","0.974849868614768"
"Covers_1670","Amazon_17856","0.9311240356011541"
"Covers_4969","Amazon_7596","0.9205362484503292"
"Covers_14722","Amazon_19527","0.9623558229365745"
"Covers_3135","Amazon_11842","0.974849868614768"
"Covers_7097","Amazon_15226","0.9597069714033237"
"Covers_14456","Amazon_15059","0.9037762189002019"
"Covers_14021","Amazon_3751","0.9611788278615314"
"Covers_904","Amazon_12991","0.974849868614768"
"Covers_33617","Amazon_3061","0.967619714842934"
"Covers_8011","Amazon_21307","0.974849868614768"
"Covers_14874","Amazon_17949","0.9276184111839414"
"Covers_16547","Amazon_17942","0.974849868614768"
"Covers_10586","Amazon_17789","0.9010617970764734"
"Covers_3021","Amazon_2745","0.974849868614768"
"Covers_3161","Amazon_15397","0.9171091211901463"
"Covers_19716","Amazon_16885","0.974849868614768"
"Covers_493","Amazon_14097","0.9625836161318205"
"Covers_34826","Amazon_10519","0.93993985456261"
"Covers_8813","Amazon_13777","0.9368755351632782"
"Covers_7690","Amazon_17194","0.9092674926168102"
"Covers_2004","Amazon_2909","0.9238390016589109"
"Covers_5308","Amazon_18384","0.974849868614768"
"Covers_11136","Amazon_16948","0.9053451306607029"
"Covers_39086","Amazon_8024","0.9068649407886692"
"Covers_7204","Amazon_18380","0.974849868614768"
"Covers_48300","Amazon_5162","0.974849868614768"
"Covers_8655","Amazon_5253","0.9316397505952237"
"Covers_49034","Amazon_20875","0.9092674926168102"
"Covers_6392","Amazon_7109","0.974849868614768"
"Covers_7400","Amazon_17203","0.974849868614768"
"Covers_20310","Amazon_2340","0.9060281533000925"
"Covers_3905","Amazon_4340","0.974849868614768"
"Covers_8568","Amazon_17911","0.9319411262256936"
"Covers_21686","Amazon_18328","0.974849868614768"
"Covers_22805","Amazon_7091","0.974849868614768"
"Covers_19566","Amazon_591","0.974849868614768"
"Covers_3835","Amazon_12199","0.9649283102919605"
"Covers_15399","Amazon_17079","0.9132105405039669"
"Covers_36124","Amazon_20993","0.974849868614768"
"Covers_40880","Amazon_16467","0.9387656106511523"
"Covers_2900","Amazon_18040","0.9125929845866877"
"Covers_6597","Amazon_7691","0.9193502810171911"
"Covers_540","Amazon_18357","0.974849868614768"
"Covers_21025","Amazon_15076","0.9141911115761365"
"Covers_8898","Amazon_21593","0.932933552951493"
"Covers_36417","Amazon_3311","0.9198265935209599"
"Covers_1887","Amazon_1115","0.974849868614768"
"Covers_32778","Amazon_17932","0.974849868614768"
"Covers_7509","Amazon_13094","0.974849868614768"
"Covers_40239","Amazon_17149","0.9650831982364431"
"Covers_277","Amazon_15193","0.9221912962462491"
"Covers_7151","Amazon_2635","0.974849868614768"
"Covers_3859","Amazon_6599","0.9003111856462951"
"Covers_28411","Amazon_8205","0.9106702564624973"
"Covers_3791","Amazon_4616","0.9696511566201387"
"Covers_22142","Amazon_5040","0.9092674926168102"
"Covers_25545","Amazon_7874","0.974849868614768"
"Covers_6347","Amazon_1575","0.974849868614768"
"Covers_42291","Amazon_15438","0.9296812240001574"
"Covers_4998","Amazon_883","0.965892915944507"
"Covers_291","Amazon_6973","0.974849868614768"
"Covers_2072","Amazon_18105","0.974849868614768"
"Covers_8627","Amazon_14439","0.974849868614768"
"Covers_30560","Amazon_4676","0.974849868614768"
"Covers_12","Amazon_17895","0.9397415456007614"
"Covers_7519","Amazon_7453","0.974849868614768"
"Covers_2792","Amazon_299","0.974849868614768"
"Covers_27402","Amazon_22259","0.9120886408942183"
"Covers_7565","Amazon_4489","0.974849868614768"
"Covers_6427","Amazon_4749","0.974849868614768"
"Covers_27464","Amazon_13804","0.974849868614768"
"Covers_40509","Amazon_15100","0.9189150309234918"
"Covers_6719","Amazon_7187","0.9120886408942183"
"Covers_8821","Amazon_4457","0.974849868614768"
"Covers_39756","Amazon_15486","0.974849868614768"
"Covers_1385","Amazon_11402","0.974849868614768"
"Covers_91","Amazon_11009","0.9092674926168102"
"Covers_3851","Amazon_6883","0.9198265935209599"
"Covers_4470","Amazon_11308","0.974849868614768"
"Covers_1237","Amazon_16094","0.9200830437852568"
"Covers_7400","Amazon_8376","0.974849868614768"
"Covers_3576","Amazon_10774","0.974849868614768"
"Covers_6477","Amazon_5040","0.9032202853246891"
"Covers_8390","Amazon_1530","0.974849868614768"
"Covers_42862","Amazon_8438","0.9119693775112899"
"Covers_30247","Amazon_732","0.9005880943347185"
"Covers_8655","Amazon_4382","0.9134692934562524"
"Covers_39197","Amazon_17065","0.9292524783846755"
"Covers_13584","Amazon_297","0.9291262334423092"
"Covers_2869","Amazon_3157","0.9273218811746897"
"Covers_1367","Amazon_7841","0.9669868626195025"
"Covers_42691","Amazon_17540","0.974849868614768"
"Covers_8261","Amazon_17871","0.974849868614768"
"Covers_6439","Amazon_5096","0.974849868614768"
"Covers_1721","Amazon_2320","0.974849868614768"
"Covers_15751","Amazon_7657","0.9092674926168102"
"Covers_1113","Amazon_20710","0.974849868614768"
"Covers_7095","Amazon_20950","0.974849868614768"
"Covers_37272","Amazon_10370","0.9299207095647337"
"Covers_8899","Amazon_8547","0.974849868614768"
"Covers_5905","Amazon_1450","0.9114320580106718"
"Covers_7355","Amazon_20961","0.9153222355611222"
"Covers_22235","Amazon_10526","0.9274064158839519"
"Covers_8519","Amazon_4086","0.9681586886501329"
"Covers_34834","Amazon_19606","0.974849868614768"
"Covers_5472","Amazon_3528","0.974849868614768"
"Covers_2880","Amazon_3437","0.974849868614768"
"Covers_4983","Amazon_4901","0.974849868614768"
"Covers_8576","Amazon_22382","0.974849868614768"
"Covers_4877","Amazon_15579","0.974849868614768"
"Covers_5450","Amazon_9815","0.974849868614768"
"Covers_24459","Amazon_7778","0.974849868614768"
"Covers_47912","Amazon_8571","0.9696511566201387"
"Covers_32389","Amazon_11059","0.974849868614768"
"Covers_15120","Amazon_7365","0.9156217765851962"
"Covers_8568","Amazon_17697","0.9319411262256936"
"Covers_25104","Amazon_16936","0.974849868614768"
"Covers_5406","Amazon_566","0.9009747556903746"
"Covers_1015","Amazon_11563","0.9062058714310135"
"Covers_3169","Amazon_13801","0.974849868614768"
"Covers_34826","Amazon_10571","0.93993985456261"
"Covers_24198","Amazon_17900","0.9252615997476532"
"Covers_2229","Amazon_18141","0.9171016982862621"
"Covers_32116","Amazon_3826","0.9237536864201832"
"Covers_3727","Amazon_16345","0.9331895717634656"
"Covers_7153","Amazon_1136","0.974849868614768"
"Covers_46379","Amazon_5027","0.949674062085703"
"Covers_8472","Amazon_9153","0.974849868614768"
"Covers_2487","Amazon_7014","0.974849868614768"
"Covers_5325","Amazon_1093","0.9599714728040358"
"Covers_8802","Amazon_14150","0.974849868614768"
"Covers_7425","Amazon_4447","0.974849868614768"
"Covers_1192","Amazon_4385","0.913811376495148"
"Covers_6413","Amazon_10888","0.974849868614768"
"Covers_27464","Amazon_13867","0.974849868614768"
"Covers_7471","Amazon_17905","0.9007643015517776"
"Covers_950","Amazon_16202","0.974849868614768"
"Covers_4179","Amazon_10571","0.93993985456261"
"Covers_29362","Amazon_18328","0.974849868614768"
"Covers_8432","Amazon_5191","0.974849868614768"
"Covers_1023","Amazon_17747","0.974849868614768"
"Covers_2932","Amazon_15130","0.974849868614768"
"Covers_1670","Amazon_17807","0.9363341554548691"
"Covers_8488","Amazon_16511","0.9245745611719985"
"Covers_6377","Amazon_7601","0.974849868614768"
"Covers_4544","Amazon_15895","0.912496768645507"
"Covers_24697","Amazon_11150","0.9036790660740691"
"Covers_1916","Amazon_17681","0.9624746809672705"
"Covers_26532","Amazon_15104","0.974849868614768"
"Covers_1067","Amazon_18367","0.974849868614768"
"Covers_7106","Amazon_12887","0.974849868614768"
"Covers_6203","Amazon_8380","0.974849868614768"
"Covers_10488","Amazon_13201","0.974849868614768"
"Covers_4755","Amazon_780","0.974849868614768"
"Covers_3741","Amazon_15193","0.9467781092887966"
"Covers_26296","Amazon_3446","0.9227702797547981"
"Covers_6209","Amazon_15317","0.9209280169916783"
"Covers_26189","Amazon_17085","0.9663274921990666"
"Covers_3522","Amazon_11075","0.9400777352089382"
"Covers_8794","Amazon_7477","0.974849868614768"
"Covers_1626","Amazon_13666","0.974849868614768"
"Covers_8443","Amazon_15203","0.974849868614768"
"Covers_47259","Amazon_10550","0.93993985456261"
"Covers_6396","Amazon_314","0.974849868614768"
"Covers_6126","Amazon_20413","0.974849868614768"
"Covers_6822","Amazon_17925","0.9683902258846171"
"Covers_44619","Amazon_17663","0.920570385561848"
"Covers_6005","Amazon_10125","0.9254153069834344"
"Covers_8585","Amazon_17903","0.974849868614768"
"Covers_8828","Amazon_16539","0.974849868614768"
"Covers_7278","Amazon_7344","0.974849868614768"
"Covers_7079","Amazon_15072","0.974849868614768"
"Covers_15751","Amazon_7688","0.9092674926168102"
"Covers_2958","Amazon_20836","0.974849868614768"
"Covers_2990","Amazon_17252","0.9062058714310135"
"Covers_4419","Amazon_8649","0.9276184111839414"
"Covers_2135","Amazon_15282","0.9008167595537068"
"Covers_47672","Amazon_14940","0.9641960704501708"
"Covers_5853","Amazon_15200","0.9011750511908005"
"Covers_4179","Amazon_10498","0.93993985456261"
"Covers_16417","Amazon_7221","0.9680612544213887"
"Covers_10847","Amazon_20930","0.9587891162116746"
"Covers_5290","Amazon_4729","0.9523280729509243"
"Covers_5813","Amazon_11863","0.974849868614768"
"Covers_27501","Amazon_17758","0.9029937450001568"
"Covers_1573","Amazon_15589","0.9009747556903746"
"Covers_5067","Amazon_11787","0.9724584326327401"
"Covers_8301","Amazon_7705","0.974849868614768"
"Covers_24515","Amazon_11830","0.9124059630637575"
"Covers_3314","Amazon_8364","0.9092674926168102"
"Covers_9922","Amazon_15238","0.9007643015517776"
"Covers_2733","Amazon_1386","0.9111413133714762"
"Covers_4920","Amazon_13091","0.974849868614768"
"Covers_1887","Amazon_1418","0.974849868614768"
"Covers_34796","Amazon_17079","0.9088837937053724"
"Covers_34826","Amazon_10498","0.93993985456261"
"Covers_7501","Amazon_7276","0.9096861603668696"
"Covers_29308","Amazon_3187","0.974849868614768"
"Covers_4480","Amazon_7432","0.974849868614768"
"Covers_703","Amazon_3581","0.9309627692318166"
"Covers_30503","Amazon_21275","0.9346672076703895"
"Covers_15183","Amazon_3409","0.9692106512367202"
"Covers_8204","Amazon_3124","0.9180092029125202"
"Covers_5988","Amazon_18301","0.9343444348463628"
"Covers_2764","Amazon_13807","0.9548018692016669"
"Covers_857","Amazon_16514","0.974849868614768"
"Covers_18421","Amazon_1517","0.974849868614768"
"Covers_6665","Amazon_11634","0.974849868614768"
"Covers_6113","Amazon_14518","0.9262301804094907"
"Covers_30849","Amazon_15101","0.9222853381629253"
"Covers_7345","Amazon_18172","0.974849868614768"
"Covers_9251","Amazon_8023","0.974849868614768"
"Covers_43168","Amazon_8340","0.9134704903128849"
"Covers_2112","Amazon_782","0.9200820046167806"
"Covers_18530","Amazon_21289","0.9092674926168102"
"Covers_8715","Amazon_18126","0.974849868614768"
"Covers_7089","Amazon_7499","0.974849868614768"
"Covers_279","Amazon_13137","0.917701211365389"
"Covers_730","Amazon_16995","0.9189150309234918"
"Covers_19507","Amazon_12419","0.974849868614768"
"Covers_26421","Amazon_17959","0.917701211365389"
"Covers_4483","Amazon_18668","0.974849868614768"
"Covers_15751","Amazon_7795","0.9092674926168102"
"Covers_24152","Amazon_1767","0.974849868614768"
"Covers_7577","Amazon_11768","0.974849868614768"
"Covers_29130","Amazon_17783","0.974849868614768"
"Covers_7225","Amazon_1813","0.974849868614768"
"Covers_1658","Amazon_13516","0.9011750511908005"
"Covers_5418","Amazon_15062","0.9402301051841463"
"Covers_6934","Amazon_14954","0.974849868614768"
"Covers_8242","Amazon_18351","0.974849868614768"
"Covers_5277","Amazon_20610","0.9144434254253697"
"Covers_6918","Amazon_1854","0.974849868614768"
"Covers_3751","Amazon_3578","0.956696828728204"
"Covers_48883","Amazon_18282","0.913316862369001"
"Covers_3916","Amazon_7927","0.9726191733629402"
"Covers_1132","Amazon_8851","0.974849868614768"
"Covers_3536","Amazon_21206","0.974849868614768"
"Covers_4931","Amazon_1649","0.974849868614768"
"Covers_4252","Amazon_16012","0.9087843868646377"
"Covers_6394","Amazon_10370","0.9128037039056492"
"Covers_8495","Amazon_15075","0.974849868614768"
"Covers_6143","Amazon_5246","0.974849868614768"
"Covers_6347","Amazon_1003","0.974849868614768"
"Covers_3163","Amazon_5180","0.9189150309234918"
"Covers_8395","Amazon_14225","0.974849868614768"
"Covers_15751","Amazon_18201","0.9092674926168102"
"Covers_8350","Amazon_11182","0.9029937450001568"
"Covers_1871","Amazon_22280","0.974849868614768"
"Covers_6865","Amazon_17516","0.9597608048587016"
"Covers_8282","Amazon_15143","0.974849868614768"
"Covers_2757","Amazon_10311","0.9034153522016224"
"Covers_37472","Amazon_13289","0.9048247331254706"
"Covers_7054","Amazon_17014","0.974849868614768"
"Covers_6347","Amazon_22620","0.974849868614768"
"Covers_34244","Amazon_7603","0.974849868614768"
"Covers_6114","Amazon_14506","0.974849868614768"
"Covers_7031","Amazon_10271","0.974849868614768"
"Covers_1464","Amazon_4817","0.974849868614768"
"Covers_32017","Amazon_11563","0.9062058714310135"
"Covers_40509","Amazon_4465","0.9304463386001443"
"Covers_5074","Amazon_12059","0.9722727476172239"
"Covers_7331","Amazon_16456","0.9452216310329123"
"Covers_31912","Amazon_20007","0.974849868614768"
"Covers_32024","Amazon_16988","0.974849868614768"
"Covers_18528","Amazon_22308","0.9086938379360695"
"Covers_4113","Amazon_17858","0.9641960704501708"
"Covers_39845","Amazon_17676","0.974849868614768"
"Covers_4162","Amazon_18434","0.974849868614768"
"Covers_22805","Amazon_7415","0.974849868614768"
"Covers_21500","Amazon_22657","0.974849868614768"
"Covers_8462","Amazon_17179","0.974849868614768"
"Covers_446","Amazon_7174","0.9343444348463628"
"Covers_2731","Amazon_14006","0.974849868614768"
"Covers_2359","Amazon_17751","0.9092674926168102"
"Covers_190","Amazon_7151","0.9335718990678035"
"Covers_4437","Amazon_18739","0.9048829040736117"
"Covers_22235","Amazon_10244","0.9274064158839519"
"Covers_7156","Amazon_11030","0.974849868614768"
"Covers_48757","Amazon_17512","0.974849868614768"
"Covers_16123","Amazon_17689","0.9319411262256936"
"Covers_7241","Amazon_6994","0.974849868614768"
"Covers_1525","Amazon_1649","0.9092674926168102"
"Covers_739","Amazon_15024","0.974849868614768"
"Covers_4253","Amazon_3510","0.974849868614768"
"Covers_7079","Amazon_4655","0.974849868614768"
"Covers_902","Amazon_13229","0.9528235633165245"
"Covers_6115","Amazon_16943","0.9053451306607029"
"Covers_29877","Amazon_4459","0.9093305936931927"
"Covers_39838","Amazon_1050","0.974849868614768"
"Covers_1702","Amazon_18691","0.974849868614768"
"Covers_6708","Amazon_7503","0.974849868614768"
"Covers_6482","Amazon_2839","0.974849868614768"
"Covers_5373","Amazon_15798","0.974849868614768"
"Covers_36527","Amazon_15008","0.917494166251221"
"Covers_5272","Amazon_3039","0.974849868614768"
"Covers_8079","Amazon_7784","0.974849868614768"
"Covers_6806","Amazon_3193","0.974849868614768"
"Covers_1767","Amazon_5249","0.9370656596332326"
"Covers_5225","Amazon_18299","0.9548018692016669"
