Amazon_11765,Covers_5397,True,1.0
Amazon_17611,Covers_8179,True,1.0
Amazon_17468,Covers_6825,True,1.0000000000000002
Amazon_132,Covers_7939,True,1.0
Amazon_20584,Covers_2064,True,1.0
Amazon_15338,Covers_2388,True,1.0
Amazon_6599,Covers_3859,True,1.0000000000000004
Amazon_10360,Covers_2385,True,1.0
Amazon_2288,Covers_5114,True,1.0
Amazon_1308,Covers_1069,True,0.9890326369707052
Amazon_21002,Covers_7355,True,1.0000000000000002
Amazon_7499,Covers_7089,True,1.0
Amazon_14805,Covers_7409,True,0.9687721749471514
Amazon_14667,Covers_8861,True,1.0
Amazon_2217,Covers_3120,True,1.0000000000000002
Amazon_7287,Covers_8166,True,1.0
Amazon_18262,Covers_7769,True,1.0000000000000002
Amazon_14006,Covers_2731,True,1.0
Amazon_5841,Covers_8041,True,1.0000000000000002
Amazon_105,Covers_3206,True,1.0
Amazon_20413,Covers_6126,True,1.0000000000000002
Amazon_8004,Covers_186,True,1.0000000000000002
Amazon_5247,Covers_1648,True,1.0
Amazon_13229,Covers_902,True,0.984639558794764
Amazon_11030,Covers_7156,True,1.0000000000000002
Amazon_13084,Covers_1897,True,0.990067441624192
Amazon_8128,Covers_8422,True,1.0000000000000002
Amazon_18303,Covers_7921,True,0.9822636373010002
Amazon_21269,Covers_1513,True,1.0
Amazon_11881,Covers_3906,True,0.9104725153224896
Amazon_2179,Covers_8377,True,0.992421390751669
Amazon_16394,Covers_8037,True,1.0
Amazon_17432,Covers_6920,True,1.0
Amazon_13272,Covers_905,True,0.9231838090855584
Amazon_18085,Covers_2342,True,1.0
Amazon_3477,Covers_1880,True,1.0000000000000002
Amazon_8731,Covers_5185,True,1.0
Amazon_7610,Covers_6518,True,1.0
Amazon_8890,Covers_3685,True,0.9922118135829748
Amazon_21168,Covers_7098,True,0.9197560819178616
Amazon_13994,Covers_4941,True,1.0000000000000002
Amazon_11134,Covers_1104,True,1.0000000000000002
Amazon_21176,Covers_6856,True,0.9874925217129604
Amazon_2650,Covers_4981,True,1.0
Amazon_11099,Covers_4016,True,1.0
Amazon_3985,Covers_4847,True,1.0
Amazon_13807,Covers_2764,True,1.0
Amazon_21015,Covers_638,True,1.0000000000000002
Amazon_9716,Covers_5633,True,1.0
Amazon_8882,Covers_2925,True,1.0
Amazon_2440,Covers_6455,True,1.0
Amazon_9135,Covers_4243,True,1.0000000000000002
Amazon_18161,Covers_812,True,1.0
Amazon_20425,Covers_4264,True,0.9910244910914036
Amazon_7211,Covers_7877,True,1.0
Amazon_16563,Covers_3719,True,1.0000000000000004
Amazon_17653,Covers_1657,True,1.0000000000000004
Amazon_21095,Covers_6971,True,1.0
Amazon_10774,Covers_3576,True,1.0
Amazon_3039,Covers_5272,True,1.0
Amazon_2635,Covers_7151,True,1.0000000000000002
Amazon_17506,Covers_2593,True,1.0000000000000002
Amazon_20961,Covers_7356,True,1.0
Amazon_2858,Covers_8061,True,1.0000000000000002
Amazon_10615,Covers_5417,True,1.0
Amazon_20034,Covers_4985,True,1.0
Amazon_4347,Covers_3761,True,0.9631422809277383
Amazon_16483,Covers_7825,True,1.0
Amazon_15117,Covers_4555,True,1.0
Amazon_589,Covers_4997,True,0.9450879986169464
Amazon_3018,Covers_4257,True,1.0000000000000002
Amazon_3925,Covers_949,True,1.0000000000000002
Amazon_1068,Covers_7618,True,1.0000000000000002
Amazon_6813,Covers_6031,True,1.0000000000000002
Amazon_883,Covers_4998,True,0.979253984165044
Amazon_13679,Covers_3034,True,1.0000000000000004
Amazon_7614,Covers_1,True,1.0
Amazon_4917,Covers_8208,True,1.0
Amazon_4619,Covers_810,True,1.0
Amazon_15695,Covers_3638,True,1.0
Amazon_12059,Covers_5074,True,1.0000000000000004
Amazon_16691,Covers_7847,True,1.0
Amazon_11025,Covers_593,True,1.0
Amazon_7905,Covers_3381,True,1.0000000000000002
Amazon_21543,Covers_8544,True,1.0000000000000004
Amazon_2100,Covers_8268,True,1.0
Amazon_13535,Covers_2331,True,1.0000000000000002
Amazon_14688,Covers_2249,True,1.0000000000000002
Amazon_15061,Covers_5509,True,1.0
Amazon_1204,Covers_1913,True,1.0000000000000002
Amazon_20710,Covers_1113,True,1.0
Amazon_20344,Covers_4223,True,0.9208126953413968
Amazon_15062,Covers_5376,True,1.0000000000000002
Amazon_13099,Covers_274,True,0.9600774391801182
Amazon_2044,Covers_2659,True,1.0
Amazon_7894,Covers_2876,True,1.0
Amazon_17406,Covers_308,True,1.0
Amazon_11407,Covers_3727,True,1.0
Amazon_19433,Covers_4500,True,1.0000000000000002
Amazon_19571,Covers_2130,True,1.0000000000000002
Amazon_15704,Covers_5721,True,1.0000000000000002
Amazon_13189,Covers_8870,True,1.0000000000000002
Amazon_13768,Covers_8569,True,0.9928402239059742
Amazon_5436,Covers_5579,True,1.0
Amazon_10888,Covers_6413,True,1.0
Amazon_12993,Covers_937,True,0.9879726726320766
Amazon_22004,Covers_4440,True,0.9430321971358726
Amazon_16287,Covers_2583,True,1.0
Amazon_14125,Covers_1058,True,1.0
Amazon_22684,Covers_3280,True,0.928606058427131
Amazon_18107,Covers_2690,True,1.0
Amazon_8001,Covers_7315,True,1.0
Amazon_942,Covers_5897,True,1.0
Amazon_14302,Covers_5675,True,1.0000000000000002
Amazon_9661,Covers_5257,True,1.0000000000000004
Amazon_369,Covers_4465,True,1.0
Amazon_16789,Covers_1620,True,1.0
Amazon_12395,Covers_1434,True,1.0000000000000002
Amazon_11967,Covers_8077,True,0.9886246689735912
Amazon_14150,Covers_8802,True,1.0
Amazon_1471,Covers_6795,True,1.0
Amazon_3408,Covers_7217,True,1.0
Amazon_1606,Covers_6204,True,1.0000000000000002
Amazon_11787,Covers_5067,True,1.0
Amazon_21206,Covers_3536,True,1.0000000000000002
Amazon_13573,Covers_8297,True,0.9901226505333152
Amazon_7066,Covers_7268,True,1.0
Amazon_15521,Covers_5123,True,1.0
Amazon_11641,Covers_6039,True,0.9884078598570318
Amazon_11993,Covers_3033,True,0.9851175693085592
Amazon_2101,Covers_499,True,0.9151719396068976
Amazon_4725,Covers_6389,True,1.0000000000000002
Amazon_2531,Covers_4884,True,1.0
Amazon_8807,Covers_8597,True,1.0
Amazon_455,Covers_5156,True,1.0
Amazon_8805,Covers_1063,True,1.0
Amazon_5037,Covers_8132,True,1.0000000000000002
Amazon_5090,Covers_1348,True,0.9596915988904114
Amazon_13112,Covers_8096,True,1.0
Amazon_13816,Covers_3175,True,1.0
Amazon_11626,Covers_2066,True,1.0
Amazon_6071,Covers_6180,True,1.0
Amazon_21009,Covers_1040,True,1.0000000000000002
Amazon_12509,Covers_5113,True,1.0
Amazon_7215,Covers_8227,True,1.0
Amazon_359,Covers_1807,True,1.0
Amazon_239,Covers_2771,True,1.0000000000000002
Amazon_13479,Covers_680,True,1.0
Amazon_1711,Covers_5316,True,1.0
Amazon_12483,Covers_3691,True,0.9914550381171414
Amazon_5715,Covers_3422,True,1.0000000000000002
Amazon_17819,Covers_8362,True,1.0
Amazon_15822,Covers_6146,True,0.9915563470536276
Amazon_19954,Covers_5984,True,1.0
Amazon_8835,Covers_4675,True,1.0000000000000002
Amazon_15176,Covers_6340,True,1.0000000000000002
Amazon_999,Covers_1355,True,1.0
Amazon_8380,Covers_6203,True,1.0000000000000002
Amazon_15017,Covers_1821,True,1.0
Amazon_12064,Covers_435,True,1.0
Amazon_13096,Covers_310,True,0.9042274032036964
Amazon_18239,Covers_1580,True,1.0000000000000002
Amazon_8953,Covers_4830,True,0.9905126388064488
Amazon_7532,Covers_246,True,1.0000000000000002
Amazon_14168,Covers_4716,True,1.0
Amazon_16888,Covers_6365,True,1.0000000000000002
Amazon_14439,Covers_8627,True,1.0
Amazon_17207,Covers_7303,True,1.0
Amazon_1316,Covers_1070,True,0.9895941103309206
Amazon_7491,Covers_1398,True,1.0
Amazon_8115,Covers_2877,True,0.9557883064813028
Amazon_11939,Covers_2176,True,1.0
Amazon_17511,Covers_6523,True,1.0
Amazon_3437,Covers_2880,True,1.0
Amazon_17705,Covers_3023,True,1.0000000000000002
Amazon_18485,Covers_5484,True,0.9256884097862168
Amazon_18183,Covers_7951,True,1.0
Amazon_11768,Covers_7577,True,1.0000000000000002
Amazon_7467,Covers_8646,True,1.0
Amazon_19953,Covers_2793,True,1.0000000000000002
Amazon_11727,Covers_6587,True,1.0000000000000002
Amazon_7574,Covers_2133,True,1.0000000000000002
Amazon_14356,Covers_7674,True,1.0
Amazon_16526,Covers_7252,True,1.0
Amazon_3328,Covers_8701,True,1.0
Amazon_8851,Covers_1132,True,1.0
Amazon_15193,Covers_3741,True,0.9204662034997048
Amazon_7503,Covers_6708,True,1.0
Amazon_7339,Covers_6271,True,0.9225847671673696
Amazon_5061,Covers_1638,True,1.0000000000000002
Amazon_9138,Covers_7542,True,0.988820355256059
Amazon_11924,Covers_5259,True,1.0000000000000002
Amazon_2307,Covers_6149,True,0.9492405859567546
Amazon_16094,Covers_1237,True,1.0
Amazon_7143,Covers_975,True,0.9877613273499444
Amazon_17656,Covers_512,True,1.0000000000000002
Amazon_20984,Covers_8011,True,1.0
Amazon_782,Covers_2112,True,0.9278079467352986
Amazon_12115,Covers_7405,True,1.0
Amazon_15024,Covers_739,True,1.0
Amazon_6973,Covers_291,True,1.0000000000000002
Amazon_11761,Covers_8250,True,1.0
Amazon_7773,Covers_7145,True,1.0
Amazon_8861,Covers_5477,True,1.0
Amazon_5303,Covers_4970,True,1.0000000000000002
Amazon_21122,Covers_1512,True,0.991179213838628
Amazon_13924,Covers_8431,True,0.9829700683463316
Amazon_10723,Covers_8364,True,1.0000000000000002
Amazon_3762,Covers_6633,True,1.0000000000000004
Amazon_15296,Covers_5225,True,1.0
Amazon_4901,Covers_4983,True,1.0
Amazon_7477,Covers_8794,True,1.0
Amazon_16231,Covers_3520,True,0.9416469541812728
Amazon_18048,Covers_1923,True,1.0
Amazon_2970,Covers_1002,True,1.0
Amazon_15028,Covers_8443,True,1.0
Amazon_13666,Covers_1626,True,1.0000000000000002
Amazon_4796,Covers_8105,True,1.0
Amazon_18436,Covers_5196,True,0.9857238756119108
Amazon_12516,Covers_5456,True,1.0
Amazon_18080,Covers_7466,True,1.0
Amazon_13972,Covers_8887,True,0.9917443784996712
Amazon_17794,Covers_8541,True,1.0
Amazon_17939,Covers_8446,True,1.0
Amazon_12828,Covers_5987,True,1.0000000000000002
Amazon_16093,Covers_5974,True,1.0
Amazon_8408,Covers_6275,True,1.0
Amazon_17060,Covers_8512,True,1.0
Amazon_1934,Covers_8778,True,1.0000000000000002
Amazon_22495,Covers_2339,True,1.0000000000000002
Amazon_11947,Covers_6351,True,1.0
Amazon_16539,Covers_8828,True,1.0
Amazon_1093,Covers_5325,True,1.0000000000000002
Amazon_21983,Covers_8232,True,1.0000000000000002
Amazon_16904,Covers_7743,True,1.0
Amazon_7449,Covers_7192,True,1.0
Amazon_17593,Covers_7710,True,1.0000000000000002
Amazon_6393,Covers_7960,True,1.0000000000000002
Amazon_10591,Covers_909,True,1.0
Amazon_14611,Covers_6198,True,1.0
Amazon_535,Covers_3140,True,1.0
Amazon_11251,Covers_5184,True,1.0
Amazon_11419,Covers_5542,True,1.0000000000000002
Amazon_11970,Covers_1193,True,1.0000000000000002
Amazon_7804,Covers_6588,True,1.0
Amazon_2214,Covers_2224,True,1.0000000000000002
Amazon_16882,Covers_6840,True,1.0
Amazon_1963,Covers_4928,True,0.9721362342618328
Amazon_17516,Covers_6865,True,1.0000000000000002
Amazon_5114,Covers_427,True,1.0000000000000002
Amazon_18089,Covers_1602,True,0.988531124972772
Amazon_7453,Covers_7519,True,1.0
Amazon_8205,Covers_1918,True,0.924112165891317
Amazon_1820,Covers_4631,True,0.9913989363318744
Amazon_17555,Covers_6629,True,1.0
Amazon_20804,Covers_1039,True,0.9129317990715656
Amazon_11308,Covers_4470,True,1.0
Amazon_7344,Covers_7278,True,1.0
Amazon_21305,Covers_1007,True,1.0000000000000002
Amazon_15071,Covers_8171,True,0.9076879940972692
Amazon_15395,Covers_3796,True,0.9427980481014816
Amazon_12563,Covers_4832,True,1.0000000000000002
Amazon_11454,Covers_1561,True,1.0
Amazon_14605,Covers_5348,True,1.0
Amazon_22280,Covers_1871,True,1.0000000000000002
Amazon_11842,Covers_3135,True,1.0
Amazon_12199,Covers_3835,True,1.0000000000000002
Amazon_14294,Covers_6328,True,1.0
Amazon_4404,Covers_7387,True,1.0
Amazon_17057,Covers_8617,True,1.0
Amazon_20964,Covers_4074,True,1.0
Amazon_2745,Covers_3021,True,1.0
Amazon_7079,Covers_359,True,0.9345845671091432
Amazon_15179,Covers_6691,True,1.0
Amazon_17736,Covers_7165,True,1.0
Amazon_4351,Covers_8655,True,1.0000000000000002
Amazon_16341,Covers_6896,True,1.0
Amazon_7784,Covers_8079,True,1.0
Amazon_4729,Covers_5290,True,0.9122699026036885
Amazon_22691,Covers_4781,True,1.0000000000000004
Amazon_1737,Covers_7009,True,1.0
Amazon_8019,Covers_258,True,1.0000000000000002
Amazon_18434,Covers_4162,True,1.0
Amazon_509,Covers_615,True,1.0000000000000002
Amazon_1193,Covers_8552,True,1.0
Amazon_16395,Covers_7121,True,1.0
Amazon_4951,Covers_2927,True,0.9290997730965492
Amazon_17215,Covers_6761,True,1.0
Amazon_15357,Covers_721,True,0.986815953209114
Amazon_3683,Covers_4604,True,1.0
Amazon_2876,Covers_236,True,0.9819626004347706
Amazon_10527,Covers_4429,True,1.0000000000000002
Amazon_13649,Covers_3169,True,1.0
Amazon_15798,Covers_5373,True,1.0000000000000004
Amazon_11871,Covers_4752,True,0.926741180391676
Amazon_8491,Covers_6181,True,1.0000000000000002
Amazon_700,Covers_5062,True,1.0
Amazon_14307,Covers_7580,True,1.0000000000000002
Amazon_5268,Covers_2384,True,0.9269170530897468
Amazon_15388,Covers_811,True,1.0000000000000002
Amazon_20508,Covers_3413,True,1.0000000000000002
Amazon_5117,Covers_2299,True,1.0
Amazon_6576,Covers_5340,True,1.0000000000000002
Amazon_3710,Covers_3270,True,1.0
Amazon_21494,Covers_3673,True,0.9952870412341892
Amazon_13155,Covers_3570,True,0.9428864645542911
Amazon_16573,Covers_6721,True,0.9904316650305384
Amazon_4528,Covers_8281,True,1.0000000000000002
Amazon_7679,Covers_1068,True,1.0
Amazon_16514,Covers_857,True,1.0000000000000002
Amazon_22457,Covers_6982,True,1.0
Amazon_7599,Covers_1590,True,1.0
Amazon_18786,Covers_5902,True,1.0
Amazon_11012,Covers_1893,True,1.0000000000000002
Amazon_2300,Covers_1322,True,1.0000000000000002
Amazon_21345,Covers_858,True,1.0000000000000004
Amazon_11740,Covers_1758,True,1.0
Amazon_8029,Covers_2414,True,0.98844140448867
Amazon_21103,Covers_8149,True,1.0000000000000002
Amazon_19545,Covers_3779,True,1.0
Amazon_13610,Covers_5403,True,0.9232426974118132
Amazon_13757,Covers_1783,True,1.0
Amazon_20431,Covers_6147,True,1.0
Amazon_16082,Covers_5305,True,1.0000000000000002
Amazon_13249,Covers_906,True,0.9466279569486408
Amazon_10332,Covers_3371,True,1.0000000000000002
Amazon_18224,Covers_2296,True,0.983542714003481
Amazon_3890,Covers_1599,True,1.0
Amazon_3262,Covers_6003,True,1.0000000000000002
Amazon_13088,Covers_159,True,1.0
Amazon_18182,Covers_7072,True,1.0000000000000002
Amazon_3570,Covers_8519,True,1.0
Amazon_116,Covers_6800,True,1.0
Amazon_7445,Covers_1327,True,1.0
Amazon_11224,Covers_4900,True,1.0
Amazon_2337,Covers_7791,True,1.0
Amazon_15523,Covers_5805,True,0.9956858490181644
Amazon_12991,Covers_904,True,1.0
Amazon_7859,Covers_7995,True,1.0
Amazon_13892,Covers_6576,True,0.9802296515172318
Amazon_13913,Covers_891,True,0.9060734020898148
Amazon_17235,Covers_6834,True,1.0
Amazon_11942,Covers_639,True,1.0
Amazon_1104,Covers_5819,True,1.0
Amazon_1090,Covers_6950,True,1.0000000000000002
Amazon_19066,Covers_4715,True,1.0000000000000002
Amazon_15909,Covers_921,True,0.9872648246016502
Amazon_17856,Covers_5070,True,0.9509062938140758
Amazon_6218,Covers_2784,True,1.0000000000000002
Amazon_15497,Covers_5042,True,1.0000000000000002
Amazon_18357,Covers_540,True,1.0
Amazon_7534,Covers_7672,True,1.0000000000000002
Amazon_7587,Covers_6288,True,1.0
Amazon_18105,Covers_2072,True,1.0000000000000002
Amazon_20797,Covers_7001,True,1.0
Amazon_3141,Covers_348,True,1.0
Amazon_277,Covers_2791,True,0.9821944505261878
Amazon_7980,Covers_2814,True,1.0000000000000002
Amazon_13372,Covers_7915,True,1.0000000000000002
Amazon_11289,Covers_1303,True,0.9483004420245942
Amazon_7269,Covers_6729,True,1.0
Amazon_16284,Covers_8486,True,0.9824643867891444
Amazon_16480,Covers_6650,True,1.0000000000000002
Amazon_16202,Covers_950,True,1.0000000000000002
Amazon_16102,Covers_724,True,0.9860580906107792
Amazon_16456,Covers_7331,True,1.0
Amazon_13725,Covers_2638,True,1.0
Amazon_14431,Covers_6607,True,1.0000000000000002
Amazon_4744,Covers_8417,True,1.0
Amazon_17442,Covers_2864,True,1.0
Amazon_4186,Covers_8889,True,1.0
Amazon_11634,Covers_6665,True,1.0
Amazon_4853,Covers_8478,True,1.0
Amazon_2390,Covers_4683,True,1.0000000000000002
Amazon_7452,Covers_1326,True,1.0000000000000002
Amazon_15209,Covers_4804,True,1.0
Amazon_1115,Covers_1887,True,1.0
Amazon_13180,Covers_1930,True,0.9438106039798972
Amazon_4289,Covers_2635,True,1.0
Amazon_15719,Covers_5322,True,0.9613414659642774
Amazon_7069,Covers_8262,True,1.0
Amazon_15568,Covers_5154,True,1.0
Amazon_15290,Covers_6086,True,0.9460184956750316
Amazon_14077,Covers_2027,True,1.0
Amazon_3837,Covers_4770,True,1.0000000000000002
Amazon_15982,Covers_1736,True,0.9929869982892984
Amazon_3688,Covers_4248,True,0.9953034306396392
Amazon_7429,Covers_8403,True,1.0
Amazon_8323,Covers_6127,True,1.0
Amazon_11198,Covers_5172,True,1.0000000000000002
Amazon_18062,Covers_6881,True,1.0
Amazon_8944,Covers_6861,True,1.0000000000000002
Amazon_18392,Covers_70,True,0.9999999999999998
Amazon_6212,Covers_5799,True,1.0000000000000002
Amazon_17640,Covers_8846,True,1.0
Amazon_14007,Covers_3955,True,0.9949399996545284
Amazon_18056,Covers_6666,True,0.924370602791144
Amazon_13544,Covers_3237,True,1.0
Amazon_4358,Covers_2844,True,0.9236259542620782
Amazon_16323,Covers_6632,True,1.0000000000000002
Amazon_19099,Covers_10041,False,0.3826681827085842
Amazon_7235,Covers_22760,False,0.3480682819882365
Amazon_6080,Covers_36123,False,0.3191334714759001
Amazon_2521,Covers_44739,False,0.3869828763440877
Amazon_1279,Covers_14650,False,0.367822415132682
Amazon_3209,Covers_26976,False,0.3949916802964187
Amazon_18977,Covers_42550,False,0.3755414486883225
Amazon_17781,Covers_11883,False,0.3981893452542588
Amazon_7196,Covers_19423,False,0.3237667460778464
Amazon_7894,Covers_9173,False,0.2435857975288733
Amazon_5807,Covers_16215,False,0.3324286290478202
Amazon_19792,Covers_35444,False,0.0790383505865785
Amazon_16361,Covers_3557,False,0.3836513468878141
Amazon_13790,Covers_40160,False,0.3741179221620708
Amazon_20884,Covers_17242,False,0.3515830656727561
Amazon_11143,Covers_41194,False,0.2642257964122554
Amazon_17989,Covers_45674,False,0.2964858538514756
Amazon_15053,Covers_18440,False,0.3747239040869324
Amazon_15607,Covers_33321,False,0.3605752415571538
Amazon_7783,Covers_13298,False,0.3446162690865569
Amazon_17602,Covers_29732,False,0.2520390712799644
Amazon_3257,Covers_12581,False,0.3987760559001578
Amazon_10632,Covers_10895,False,0.2834206810429288
Amazon_5533,Covers_22863,False,0.362171906807709
Amazon_12747,Covers_47867,False,0.3029472377748565
Amazon_13107,Covers_19522,False,0.2368300791272465
Amazon_1811,Covers_21432,False,0.2800779059567516
Amazon_17224,Covers_22567,False,0.3610924378084547
Amazon_18635,Covers_18713,False,0.291761010694443
Amazon_12614,Covers_30021,False,0.33745948281529
Amazon_2521,Covers_14782,False,0.2898015488839289
Amazon_15714,Covers_36187,False,0.3835372562679705
Amazon_1826,Covers_27138,False,0.3645086087398382
Amazon_7872,Covers_28281,False,0.2642262751859937
Amazon_7213,Covers_34222,False,0.2516246365949902
Amazon_267,Covers_9877,False,0.3922074144319986
Amazon_15909,Covers_35238,False,0.3111222797992045
Amazon_2521,Covers_49879,False,0.2523211688004042
Amazon_14173,Covers_17164,False,0.3818050671647429
Amazon_15915,Covers_34767,False,0.3400503184936411
Amazon_11596,Covers_26769,False,0.271827120013325
Amazon_2810,Covers_5421,False,0.2401533879996486
Amazon_15401,Covers_46836,False,0.3331661112402446
Amazon_5012,Covers_13854,False,0.2608136870529582
Amazon_18886,Covers_41659,False,0.2979960957984206
Amazon_18204,Covers_33064,False,0.2852836443536434
Amazon_991,Covers_13871,False,0.2275830486393281
Amazon_8724,Covers_31854,False,0.361778554433215
Amazon_10729,Covers_21756,False,0.1904646305203044
Amazon_21721,Covers_24702,False,0.2148398178861744
Amazon_12115,Covers_48078,False,0.3340826896174079
Amazon_1736,Covers_8716,False,0.3341340954641035
Amazon_12090,Covers_5076,False,0.3009042365327299
Amazon_17578,Covers_25482,False,0.3822581856380376
Amazon_9372,Covers_44128,False,0.3047875361441108
Amazon_1808,Covers_33243,False,0.2352166536567994
Amazon_17933,Covers_15914,False,0.2003048671184775
Amazon_12551,Covers_32953,False,0.3679360809359818
Amazon_4396,Covers_49866,False,0.3577516837499895
Amazon_17118,Covers_39962,False,0.1924123005369979
Amazon_4995,Covers_33650,False,0.3783163804190178
Amazon_4990,Covers_39258,False,0.3151564259301687
Amazon_13706,Covers_32876,False,0.3727789502185893
Amazon_91,Covers_9029,False,0.3569155139977753
Amazon_6858,Covers_43567,False,0.3395769190641767
Amazon_4316,Covers_30208,False,0.3055585178993754
Amazon_15551,Covers_33528,False,0.3035156234441855
Amazon_4844,Covers_26987,False,0.3376847901258326
Amazon_17193,Covers_18933,False,0.3738798259554604
Amazon_18709,Covers_2472,False,0.399864597822902
Amazon_1421,Covers_7923,False,0.3266938886312722
Amazon_1446,Covers_32121,False,0.2887024571028043
Amazon_21416,Covers_6036,False,0.3438922216541925
Amazon_4898,Covers_5676,False,0.3796816003187296
Amazon_13310,Covers_26503,False,0.3054643988724612
Amazon_21249,Covers_31809,False,0.3137172772467499
Amazon_14453,Covers_38164,False,0.2447517962315859
Amazon_18501,Covers_28431,False,0.0871691371345319
Amazon_7584,Covers_25444,False,0.3854530144545255
Amazon_8015,Covers_41222,False,0.3300543919617413
Amazon_2521,Covers_45608,False,0.2800665626832734
Amazon_9062,Covers_9247,False,0.3186720723703576
Amazon_22591,Covers_37195,False,0.3723849108065378
Amazon_4076,Covers_14118,False,0.3203715754124008
Amazon_11570,Covers_47112,False,0.1945711409988859
Amazon_13078,Covers_44894,False,0.3850201839664649
Amazon_15856,Covers_46657,False,0.3089152141963928
Amazon_15083,Covers_37882,False,0.2045942260094954
Amazon_7053,Covers_5855,False,0.3969291052840163
Amazon_16388,Covers_8111,False,0.3022409255143862
Amazon_20826,Covers_37058,False,0.3500295727987624
Amazon_10199,Covers_21946,False,0.3546373929620227
Amazon_18416,Covers_19328,False,0.2886189755034383
Amazon_5943,Covers_27936,False,0.3784712557202022
Amazon_3166,Covers_26032,False,0.3133407186720376
Amazon_642,Covers_34565,False,0.2728817761507174
Amazon_17406,Covers_45348,False,0.3780511894652921
Amazon_7024,Covers_29077,False,0.3838343235087785
Amazon_2641,Covers_9727,False,0.1752379791882321
Amazon_2521,Covers_24667,False,0.2784425028807236
Amazon_16519,Covers_33964,False,0.2353895563758051
Amazon_11101,Covers_16190,False,0.2784833651569602
Amazon_22687,Covers_25341,False,0.3398934072047423
Amazon_3366,Covers_35722,False,0.3499725381927351
Amazon_15083,Covers_35597,False,0.1419570518327353
Amazon_5774,Covers_11249,False,0.3789888422063587
Amazon_17053,Covers_4410,False,0.3039273945773463
Amazon_5934,Covers_22323,False,0.3092070665753431
Amazon_7300,Covers_9657,False,0.3216321218344781
Amazon_11570,Covers_33791,False,0.197496569527287
Amazon_5115,Covers_45556,False,0.2813094107757482
Amazon_14251,Covers_32625,False,0.3609347287612029
Amazon_22376,Covers_41454,False,0.2980891887282042
Amazon_1138,Covers_20545,False,0.3950640558017402
Amazon_8422,Covers_29921,False,0.3484440579803179
Amazon_3371,Covers_9342,False,0.3714002436988295
Amazon_15083,Covers_47335,False,0.2510961395120684
Amazon_3842,Covers_9273,False,0.245064426523422
Amazon_15737,Covers_27367,False,0.2110774937129499
Amazon_6974,Covers_40262,False,0.350959601368493
Amazon_15068,Covers_28293,False,0.342487400165254
Amazon_18408,Covers_35909,False,0.3462817703584371
Amazon_11946,Covers_14241,False,0.3689116364297281
Amazon_18016,Covers_41870,False,0.2633886983764867
Amazon_20639,Covers_13142,False,0.383170454374617
Amazon_20937,Covers_27265,False,0.364789383232634
Amazon_6971,Covers_2397,False,0.3133142134424973
Amazon_592,Covers_1043,False,0.3821954884245094
Amazon_17372,Covers_20531,False,0.347153330681178
Amazon_8566,Covers_9601,False,0.1542233591377323
Amazon_16713,Covers_49828,False,0.2327502114054685
Amazon_12231,Covers_27694,False,0.3810751862048565
Amazon_14437,Covers_26911,False,0.3861444388511658
Amazon_1498,Covers_23333,False,0.3055141739981077
Amazon_11570,Covers_41502,False,0.1291186690887991
Amazon_856,Covers_10579,False,0.33864705945065
Amazon_6437,Covers_27115,False,0.2084582199286933
Amazon_3030,Covers_13118,False,0.3785073081073484
Amazon_9034,Covers_42941,False,0.3888941863407952
Amazon_8944,Covers_2180,False,0.373656389223833
Amazon_15083,Covers_11440,False,0.1841894070210623
Amazon_16004,Covers_5744,False,0.3197089842294167
Amazon_17551,Covers_37753,False,0.2968675224613175
Amazon_6959,Covers_36623,False,0.3095747058090144
Amazon_17303,Covers_30421,False,0.3667824588207128
Amazon_19439,Covers_3041,False,0.2388569351157151
Amazon_2521,Covers_12117,False,0.3012588260380519
Amazon_18529,Covers_40246,False,0.3432293100170454
Amazon_20582,Covers_43820,False,0.3755623985677883
Amazon_20867,Covers_3281,False,0.2725734625803275
Amazon_899,Covers_6022,False,0.2264231855111174
Amazon_22518,Covers_13407,False,0.2831397886877884
Amazon_20330,Covers_24952,False,0.3595609865139408
Amazon_2357,Covers_28469,False,0.2411521937405105
Amazon_12323,Covers_32210,False,0.3595173880161016
Amazon_6908,Covers_3980,False,0.2485922473899246
Amazon_9265,Covers_46724,False,0.3969772762842394
Amazon_2521,Covers_42057,False,0.2648102513971996
Amazon_5722,Covers_46210,False,0.3059205751053086
Amazon_13098,Covers_9015,False,0.3080884412409957
Amazon_15164,Covers_12118,False,0.3882633579320464
Amazon_19661,Covers_48422,False,0.2953556199409934
Amazon_19334,Covers_49856,False,0.3554480106384232
Amazon_15083,Covers_48595,False,0.2510961395120684
Amazon_11471,Covers_13161,False,0.3456303670352493
Amazon_10696,Covers_41481,False,0.2566109771778582
Amazon_2895,Covers_15123,False,0.2546811215638377
Amazon_18756,Covers_41883,False,0.3404572236161498
Amazon_3425,Covers_22701,False,0.3927845902665505
Amazon_9509,Covers_30650,False,0.3339812699141485
Amazon_11174,Covers_25095,False,0.3642386279627895
Amazon_6964,Covers_38680,False,0.3585558187262956
Amazon_9172,Covers_35951,False,0.1505348322472304
Amazon_10729,Covers_22220,False,0.2458391754840508
Amazon_9881,Covers_31545,False,0.2947964959565962
Amazon_5094,Covers_15883,False,0.3787656561094229
Amazon_21634,Covers_27584,False,0.3704362502525714
Amazon_1946,Covers_37749,False,0.2884323530590225
Amazon_11391,Covers_14752,False,0.3414355509353498
Amazon_14614,Covers_28302,False,0.3964829809650025
Amazon_8705,Covers_6294,False,0.3269925692987527
Amazon_15792,Covers_29057,False,0.3976653224733181
Amazon_20972,Covers_29724,False,0.3105223520515033
Amazon_15591,Covers_35007,False,0.3098945986805745
Amazon_3826,Covers_47728,False,0.3561816523233676
Amazon_22155,Covers_6715,False,0.2840868111506472
Amazon_19792,Covers_47140,False,0.0839412878107963
Amazon_1385,Covers_19152,False,0.3683640209337445
Amazon_17020,Covers_18718,False,0.3240114968843422
Amazon_7904,Covers_14119,False,0.3881776438070533
Amazon_7586,Covers_5621,False,0.3235606523403912
Amazon_1000,Covers_22139,False,0.3693165830227897
Amazon_7068,Covers_10341,False,0.3423337791072276
Amazon_6599,Covers_15564,False,0.3116838050922462
Amazon_20912,Covers_736,False,0.3368329996876646
Amazon_10697,Covers_13388,False,0.1866799666860173
Amazon_19792,Covers_27573,False,0.0790383505865785
Amazon_15524,Covers_25253,False,0.1480037437201326
Amazon_15733,Covers_29854,False,0.3854353882285275
Amazon_7584,Covers_46556,False,0.3088450780000524
Amazon_11982,Covers_15483,False,0.3811150743889389
Amazon_7354,Covers_3891,False,0.3356859071111349
Amazon_1022,Covers_33792,False,0.3503163349747392
Amazon_13134,Covers_25280,False,0.3690316932914654
Amazon_20077,Covers_10193,False,0.32694401285265
Amazon_1927,Covers_42804,False,0.2795045518201549
Amazon_14038,Covers_44418,False,0.2058785533343096
Amazon_1292,Covers_20181,False,0.3945491934605412
Amazon_16616,Covers_35562,False,0.3826541620621827
Amazon_13918,Covers_15705,False,0.3711563944030949
Amazon_16074,Covers_17141,False,0.3759529790508761
Amazon_21936,Covers_23814,False,0.3460727272654499
Amazon_2641,Covers_3671,False,0.3188247471108735
Amazon_13303,Covers_29868,False,0.3349220011332333
Amazon_20848,Covers_11948,False,0.3801343300025088
Amazon_2118,Covers_48541,False,0.3206171329660063
Amazon_12510,Covers_12003,False,0.2523905233229823
Amazon_3673,Covers_13850,False,0.299140705943435
Amazon_16296,Covers_4737,False,0.3377895776220755
Amazon_15626,Covers_24317,False,0.3099652011720922
Amazon_19792,Covers_1785,False,0.0585606800166962
Amazon_1465,Covers_3746,False,0.2695703800056044
Amazon_10245,Covers_1142,False,0.2841011196198594
Amazon_14424,Covers_45101,False,0.305110360954487
Amazon_1372,Covers_11818,False,0.3252448443369331
Amazon_21636,Covers_24472,False,0.2770645608116384
Amazon_6314,Covers_36229,False,0.2977807619849903
Amazon_6691,Covers_37244,False,0.2513810443671101
Amazon_5136,Covers_29546,False,0.3647001091974472
Amazon_10416,Covers_41595,False,0.1971700499879045
Amazon_11570,Covers_46111,False,0.1945711409988859
Amazon_13700,Covers_20327,False,0.2250427769770905
Amazon_17458,Covers_40823,False,0.3662328883690929
Amazon_8030,Covers_43846,False,0.3802161724988396
Amazon_15626,Covers_3684,False,0.2642903210858666
Amazon_10511,Covers_2113,False,0.2218036574490157
Amazon_4844,Covers_43945,False,0.2852411870928095
Amazon_19805,Covers_13100,False,0.3803576090560175
Amazon_447,Covers_40769,False,0.3079412838755069
Amazon_12106,Covers_17094,False,0.3606419028776197
Amazon_20307,Covers_5787,False,0.3645564500454085
Amazon_17341,Covers_12704,False,0.3909438744304639
Amazon_13485,Covers_22505,False,0.328884338153227
Amazon_10197,Covers_10781,False,0.2957171808307061
Amazon_14387,Covers_15242,False,0.3511419542901094
Amazon_5524,Covers_44366,False,0.3166947101207896
Amazon_9436,Covers_2421,False,0.3825992658439126
Amazon_3724,Covers_11291,False,0.2706024832814784
Amazon_2521,Covers_19192,False,0.2888703269797798
Amazon_19275,Covers_12339,False,0.343472483212251
Amazon_5554,Covers_30987,False,0.1144661920760588
Amazon_2539,Covers_10413,False,0.3588806734619226
Amazon_5382,Covers_18018,False,0.2453109395368088
Amazon_12543,Covers_3755,False,0.2692383868661915
Amazon_13107,Covers_9432,False,0.2454443487834959
Amazon_4001,Covers_1537,False,0.3909809184342395
Amazon_19626,Covers_33137,False,0.3794473842435777
Amazon_12804,Covers_44314,False,0.2975353813362699
Amazon_19994,Covers_24891,False,0.2868252971026399
Amazon_5934,Covers_24318,False,0.3576251566447243
Amazon_5536,Covers_35534,False,0.2784427353555587
Amazon_15524,Covers_15233,False,0.1938962425680854
Amazon_9407,Covers_23436,False,0.3406939411656106
Amazon_19792,Covers_9194,False,0.0790383505865785
Amazon_13903,Covers_49158,False,0.3229065219024449
Amazon_21152,Covers_19833,False,0.3938941461690999
Amazon_1084,Covers_46582,False,0.2536614784848897
Amazon_16943,Covers_38403,False,0.3882227214863144
Amazon_12463,Covers_37634,False,0.3159252109427675
Amazon_22610,Covers_26062,False,0.3090518909873871
Amazon_16430,Covers_42630,False,0.3314379381162659
Amazon_8970,Covers_30002,False,0.0936835969457713
Amazon_3245,Covers_25000,False,0.3485489995327275
Amazon_7243,Covers_13227,False,0.3463031381085387
Amazon_9362,Covers_10767,False,0.3522524283436731
Amazon_19225,Covers_26573,False,0.3036001914563557
Amazon_14503,Covers_31944,False,0.361380013289395
Amazon_2521,Covers_25061,False,0.3525958830579159
Amazon_14987,Covers_17923,False,0.3807257159700352
Amazon_2096,Covers_49556,False,0.3829294810368768
Amazon_17699,Covers_38937,False,0.3525842508512826
Amazon_14803,Covers_16469,False,0.2260275463086938
Amazon_10101,Covers_4124,False,0.2062348605816583
Amazon_20065,Covers_18375,False,0.3349325341267223
Amazon_1042,Covers_29096,False,0.3888365969778439
Amazon_7732,Covers_45746,False,0.3187790359987805
Amazon_8042,Covers_24635,False,0.2671337549721356
Amazon_3058,Covers_26283,False,0.3784716362833952
Amazon_21331,Covers_46758,False,0.3479986071324867
Amazon_6314,Covers_20816,False,0.3856835720138487
Amazon_17053,Covers_25848,False,0.3264675126630947
Amazon_6502,Covers_38971,False,0.2649277578505648
Amazon_10400,Covers_22114,False,0.3479383819117584
Amazon_14897,Covers_713,False,0.2435403523117227
Amazon_2521,Covers_11409,False,0.252113725127512
Amazon_19038,Covers_19163,False,0.3255759146501231
Amazon_4896,Covers_29789,False,0.1735548750548809
Amazon_20651,Covers_20074,False,0.2688073158538797
Amazon_9172,Covers_46019,False,0.1730606572690567
Amazon_15083,Covers_3398,False,0.167063901156703
Amazon_16633,Covers_23400,False,0.3625069370120528
Amazon_6208,Covers_45572,False,0.2864869500889586
Amazon_11471,Covers_39916,False,0.3588094285012293
Amazon_1814,Covers_20994,False,0.3479070867226608
Amazon_17604,Covers_21407,False,0.2961790532658067
Amazon_19290,Covers_9100,False,0.3646296603250601
Amazon_6908,Covers_5214,False,0.2212405824074478
Amazon_10416,Covers_33014,False,0.1582218474790138
Amazon_17551,Covers_18167,False,0.2507166064809945
Amazon_16485,Covers_17274,False,0.3135322380065162
Amazon_2167,Covers_22788,False,0.3748701802554426
Amazon_3692,Covers_31205,False,0.3938245373809538
Amazon_1292,Covers_11092,False,0.3666160464509232
Amazon_3771,Covers_23602,False,0.2733344126946899
Amazon_9338,Covers_14873,False,0.393065240600354
Amazon_3552,Covers_18164,False,0.2930201957395807
Amazon_21070,Covers_12143,False,0.3200554995281024
Amazon_11677,Covers_13846,False,0.372974759735645
Amazon_2924,Covers_16144,False,0.3499528603457493
Amazon_4849,Covers_29502,False,0.396390485917173
Amazon_20702,Covers_28890,False,0.3514144625413823
Amazon_6815,Covers_39799,False,0.1960202867457259
Amazon_18224,Covers_44295,False,0.3654775437248886
Amazon_993,Covers_9376,False,0.268541313916086
Amazon_3306,Covers_9269,False,0.3734349208367075
Amazon_5618,Covers_21883,False,0.3300955955994751
Amazon_15083,Covers_16719,False,0.1261294225516103
Amazon_3928,Covers_32693,False,0.2895948029035601
Amazon_7370,Covers_2136,False,0.3392819096352137
Amazon_21417,Covers_16077,False,0.3228263880996697
Amazon_19792,Covers_44765,False,0.0639149202001343
Amazon_19792,Covers_5083,False,0.0790383505865785
Amazon_15144,Covers_4858,False,0.3321290669814536
Amazon_4556,Covers_9772,False,0.3816553962624681
Amazon_11677,Covers_19077,False,0.3736145683294377
Amazon_12184,Covers_8075,False,0.2946357124938165
Amazon_15083,Covers_40847,False,0.089267024207564
Amazon_5080,Covers_17648,False,0.3674938553385451
Amazon_22530,Covers_25380,False,0.2327564986106663
Amazon_15144,Covers_19146,False,0.3923110922144905
Amazon_16397,Covers_33926,False,0.3163641030437685
Amazon_3398,Covers_29410,False,0.3878618907025308
Amazon_2753,Covers_44334,False,0.2994939721174843
Amazon_12440,Covers_40948,False,0.3497046071279784
Amazon_1803,Covers_31556,False,0.2631393540653837
Amazon_11731,Covers_18409,False,0.3464986580586596
Amazon_8422,Covers_18011,False,0.3489240959288459
Amazon_2521,Covers_42021,False,0.2547171467248932
Amazon_20340,Covers_22580,False,0.2171163339968654
Amazon_22570,Covers_49924,False,0.3683719798572722
Amazon_3425,Covers_29755,False,0.2967276299216924
Amazon_17081,Covers_41547,False,0.3270704104078328
Amazon_15083,Covers_47585,False,0.2011804693483323
Amazon_15626,Covers_44949,False,0.3953793992198779
Amazon_4318,Covers_46049,False,0.3460530614820524
Amazon_18333,Covers_39677,False,0.2512157301352266
Amazon_10714,Covers_40128,False,0.188275304275637
Amazon_14437,Covers_36352,False,0.3732861659272282
Amazon_2357,Covers_16795,False,0.3591892392691904
Amazon_8566,Covers_38548,False,0.1558204632591081
Amazon_12063,Covers_47162,False,0.3891976484886255
Amazon_8140,Covers_43305,False,0.1318381722645031
Amazon_21189,Covers_25146,False,0.3808813851745798
Amazon_8609,Covers_12416,False,0.3105085549271252
Amazon_16125,Covers_29699,False,0.3368275830580892
Amazon_10534,Covers_18008,False,0.3137690103408749
Amazon_1413,Covers_16027,False,0.2485790043727729
Amazon_7031,Covers_25680,False,0.2863858673963637
Amazon_13107,Covers_38343,False,0.174044038531625
Amazon_19792,Covers_3252,False,0.0914185074606265
Amazon_18655,Covers_48488,False,0.3714369831070601
Amazon_13348,Covers_47350,False,0.3754683538215629
Amazon_17581,Covers_28799,False,0.3777885296855533
Amazon_16463,Covers_36961,False,0.2493044562604087
Amazon_9796,Covers_28310,False,0.3366623246854874
Amazon_1710,Covers_29145,False,0.177885794537398
Amazon_15823,Covers_24675,False,0.3722409616439508
Amazon_18035,Covers_10768,False,0.3036825330689463
Amazon_11570,Covers_41774,False,0.2347304712279526
Amazon_4008,Covers_21578,False,0.3328698238704994
Amazon_17704,Covers_37728,False,0.3059956091882712
Amazon_3245,Covers_47786,False,0.3082592331881601
Amazon_19528,Covers_2343,False,0.2953936766491806
Amazon_2521,Covers_19411,False,0.3015675705207373
Amazon_18080,Covers_30369,False,0.3509704540688099
Amazon_14321,Covers_14902,False,0.3414652496164072
Amazon_1257,Covers_39767,False,0.314719047352623
Amazon_3236,Covers_24270,False,0.3943677855309683
Amazon_1710,Covers_43899,False,0.1651794954033328
Amazon_12096,Covers_10730,False,0.2889682623449088
Amazon_16485,Covers_26967,False,0.254289288983531
Amazon_15998,Covers_39395,False,0.3743141085960683
Amazon_3188,Covers_19591,False,0.3948387542344858
Amazon_2521,Covers_12651,False,0.2150094814003696
Amazon_4066,Covers_1399,False,0.3851539669924012
Amazon_16337,Covers_34474,False,0.3151985267724938
Amazon_1710,Covers_39798,False,0.3374944495993011
Amazon_18679,Covers_26496,False,0.1434455850258425
Amazon_22196,Covers_25678,False,0.3751079022997617
Amazon_15333,Covers_20507,False,0.3364448352407208
Amazon_12921,Covers_10963,False,0.2250183306548171
Amazon_10504,Covers_43329,False,0.3522048836585906
Amazon_15570,Covers_27476,False,0.2937233689750861
Amazon_6962,Covers_42729,False,0.343395312937065
Amazon_10696,Covers_3710,False,0.2441823036524079
Amazon_403,Covers_19082,False,0.282108815552535
Amazon_15737,Covers_12141,False,0.234692456051106
Amazon_18310,Covers_24513,False,0.3183338768040251
Amazon_21213,Covers_33261,False,0.3021140969153777
Amazon_2521,Covers_35906,False,0.2042224524141533
Amazon_10707,Covers_6710,False,0.2330688870169539
Amazon_14469,Covers_19698,False,0.3156048723201108
Amazon_18282,Covers_36598,False,0.3131665594551044
Amazon_15692,Covers_23609,False,0.3688951572827384
Amazon_13123,Covers_12044,False,0.3614036187389229
Amazon_7670,Covers_14688,False,0.325935709728192
Amazon_15083,Covers_45499,False,0.1880640325521212
Amazon_1829,Covers_36023,False,0.3261864630030384
Amazon_3993,Covers_14671,False,0.3502845034375657
Amazon_8631,Covers_42133,False,0.2190665484803001
Amazon_18779,Covers_40086,False,0.2995807107749629
Amazon_8970,Covers_40316,False,0.262348132740429
Amazon_3245,Covers_20150,False,0.3730408528494941
Amazon_11445,Covers_22691,False,0.3500588402914243
Amazon_15263,Covers_27188,False,0.3691325714018096
Amazon_15062,Covers_39443,False,0.3354016621715849
Amazon_7346,Covers_31684,False,0.398182299209846
Amazon_8549,Covers_9047,False,0.2708548904335656
Amazon_11752,Covers_14993,False,0.2558427173324681
Amazon_16066,Covers_23576,False,0.2372562916546123
Amazon_7702,Covers_49170,False,0.3226124339794221
Amazon_14674,Covers_41760,False,0.2598596887073162
Amazon_9892,Covers_252,False,0.2600327363559688
Amazon_11717,Covers_2028,False,0.388091212840313
Amazon_13246,Covers_31343,False,0.2105640686404836
Amazon_10581,Covers_31373,False,0.3682031249253583
Amazon_9462,Covers_4691,False,0.2920484858170163
Amazon_4626,Covers_9151,False,0.2904660134935596
Amazon_17538,Covers_42613,False,0.3841925058184906
Amazon_4433,Covers_12130,False,0.242214483245085
Amazon_21299,Covers_9831,False,0.3335757636091156
Amazon_1273,Covers_36516,False,0.3755345667910652
Amazon_398,Covers_32442,False,0.3649159546767675
Amazon_19063,Covers_48844,False,0.3337409302605001
Amazon_8101,Covers_6812,False,0.2863875165853204
Amazon_7828,Covers_21978,False,0.3520230674164532
Amazon_18009,Covers_5962,False,0.3337163761349401
Amazon_4975,Covers_3412,False,0.3413797843468393
Amazon_1634,Covers_35307,False,0.3547207273758687
Amazon_95,Covers_45705,False,0.3181414710110693
Amazon_10635,Covers_49961,False,0.3987720050530283
Amazon_17052,Covers_2300,False,0.3683110568612195
Amazon_6964,Covers_11383,False,0.3453246788589427
Amazon_20848,Covers_14843,False,0.3839998707528482
Amazon_3422,Covers_47970,False,0.2672273379029275
Amazon_2806,Covers_25587,False,0.2757975301953687
Amazon_22615,Covers_37208,False,0.3965926526898836
Amazon_6058,Covers_28608,False,0.1821244994211293
Amazon_18191,Covers_12957,False,0.3376599995446022
Amazon_9649,Covers_35803,False,0.2927856344457803
Amazon_12836,Covers_17346,False,0.375226537407038
Amazon_2270,Covers_9594,False,0.0852310529569576
Amazon_4858,Covers_26422,False,0.185566214980006
Amazon_21109,Covers_34970,False,0.3004330933267709
Amazon_12999,Covers_21207,False,0.2841194287254663
Amazon_2521,Covers_9569,False,0.2570750059235818
Amazon_1022,Covers_34878,False,0.2810946358354566
Amazon_1054,Covers_37362,False,0.3673759972188192
Amazon_18985,Covers_38248,False,0.2983309127254409
Amazon_16988,Covers_9523,False,0.3245832077546609
Amazon_11034,Covers_14864,False,0.367324761229683
Amazon_2815,Covers_20763,False,0.3994563280126577
Amazon_20296,Covers_22872,False,0.3830562356807433
Amazon_17974,Covers_42842,False,0.3862330081461238
Amazon_6849,Covers_27055,False,0.3068442741067174
Amazon_529,Covers_21101,False,0.3175636168677737
Amazon_18032,Covers_25433,False,0.3038177970587824
Amazon_5738,Covers_30414,False,0.2194731942327913
Amazon_1951,Covers_41262,False,0.2992086588745569
Amazon_2521,Covers_28429,False,0.39809412816503
Amazon_17616,Covers_24537,False,0.1985641288530395
Amazon_12959,Covers_15074,False,0.3830092883688172
Amazon_306,Covers_46258,False,0.3863378890838989
Amazon_13107,Covers_42664,False,0.1250546564109892
Amazon_14193,Covers_21827,False,0.3434835597817732
Amazon_10696,Covers_1300,False,0.2441823036524079
Amazon_4683,Covers_2077,False,0.3604341462494202
Amazon_5003,Covers_10199,False,0.3499409848350834
Amazon_10756,Covers_13954,False,0.3602273781052699
Amazon_21553,Covers_32422,False,0.1778661695216333
Amazon_3338,Covers_8893,False,0.3564258323577493
Amazon_20726,Covers_36464,False,0.3821655925067077
Amazon_19792,Covers_24087,False,0.0818355918473699
Amazon_11325,Covers_11920,False,0.2830947761523383
Amazon_13973,Covers_25488,False,0.3273361840448029
Amazon_4834,Covers_29013,False,0.2895476318457558
Amazon_2163,Covers_10303,False,0.3066445862848351
Amazon_16793,Covers_32910,False,0.371237045593304
Amazon_6344,Covers_48843,False,0.3553737000450034
Amazon_8413,Covers_27477,False,0.3960960095348041
Amazon_7303,Covers_18851,False,0.2984615108128159
Amazon_9234,Covers_29431,False,0.2521399075347741
Amazon_5204,Covers_12613,False,0.27594024427703
Amazon_8970,Covers_13403,False,0.2920867643351711
Amazon_16910,Covers_38112,False,0.3210288801171275
Amazon_2521,Covers_26668,False,0.2404927789905739
Amazon_5384,Covers_43144,False,0.0733754487772973
Amazon_22696,Covers_12427,False,0.3415527748139836
Amazon_15737,Covers_26984,False,0.2150351961498231
Amazon_16665,Covers_5764,False,0.329705965343665
Amazon_13420,Covers_30611,False,0.3864803436743611
Amazon_12283,Covers_5943,False,0.353970507605461
Amazon_1517,Covers_47421,False,0.3479852936052833
Amazon_16309,Covers_24558,False,0.3539645385928202
Amazon_2738,Covers_9609,False,0.280496370392825
Amazon_3382,Covers_32567,False,0.1985013226800657
Amazon_15591,Covers_22780,False,0.3746757200241655
Amazon_12900,Covers_44963,False,0.3464624366583965
Amazon_4019,Covers_41904,False,0.3273095588286117
Amazon_21225,Covers_44346,False,0.3099402339399955
Amazon_22364,Covers_38948,False,0.2734434170977797
Amazon_7015,Covers_15611,False,0.3527150602776491
Amazon_9451,Covers_534,False,0.3192780082480217
Amazon_15166,Covers_49802,False,0.3933488846139678
Amazon_14310,Covers_49557,False,0.3817289339212243
Amazon_20240,Covers_11727,False,0.3975360267137843
Amazon_19299,Covers_13661,False,0.3995464268212173
Amazon_1000,Covers_47963,False,0.3767555846562909
Amazon_14293,Covers_9528,False,0.3800354844108661
Amazon_5520,Covers_34833,False,0.3240312782010494
Amazon_9682,Covers_14377,False,0.3647695913555742
Amazon_7732,Covers_43130,False,0.3274866343525096
Amazon_1672,Covers_8436,False,0.3414984961942907
Amazon_7767,Covers_48633,False,0.3661333679314585
Amazon_16074,Covers_10902,False,0.3966793545935361
Amazon_7445,Covers_42282,False,0.3888072329229172
Amazon_17287,Covers_45767,False,0.3401123946299308
Amazon_9258,Covers_38345,False,0.2953010406968175
Amazon_3883,Covers_24099,False,0.3950019739532213
Amazon_19878,Covers_15876,False,0.3710013963352709
Amazon_21516,Covers_49938,False,0.2973555013151779
Amazon_17444,Covers_3427,False,0.3424708798721597
Amazon_12856,Covers_4581,False,0.3921789065330419
Amazon_7016,Covers_26609,False,0.3344553421747036
Amazon_9172,Covers_20244,False,0.2263620234488356
Amazon_7189,Covers_47980,False,0.2833783427230231
Amazon_5680,Covers_2694,False,0.3888982079393505
Amazon_18897,Covers_14278,False,0.3152080197123194
Amazon_2521,Covers_11032,False,0.2888703269797798
Amazon_6893,Covers_29796,False,0.3064089509295232
Amazon_15655,Covers_13397,False,0.3178141106226205
Amazon_2270,Covers_46581,False,0.2137211380250303
Amazon_1616,Covers_49193,False,0.3754333475159154
Amazon_19792,Covers_32833,False,0.0904930071043369
Amazon_21132,Covers_36024,False,0.2899432178783178
Amazon_15605,Covers_15522,False,0.3875586614983924
Amazon_13887,Covers_16159,False,0.2754624596289705
Amazon_20848,Covers_30802,False,0.332985906039895
Amazon_14392,Covers_44593,False,0.2905070738806801
Amazon_10504,Covers_31615,False,0.3673097552279661
Amazon_12016,Covers_29611,False,0.3433194321663999
Amazon_5700,Covers_23683,False,0.2609909119942048
Amazon_3966,Covers_15098,False,0.2643934151710029
Amazon_16289,Covers_10046,False,0.273865782497845
Amazon_11165,Covers_27503,False,0.3859659227219908
Amazon_14471,Covers_23801,False,0.3681278747073858
Amazon_11762,Covers_32435,False,0.3288636278693127
Amazon_11570,Covers_43484,False,0.3150950452343913
Amazon_18370,Covers_2867,False,0.2897553349476724
Amazon_11717,Covers_31565,False,0.2935974551986724
Amazon_12489,Covers_25086,False,0.3511314796557281
Amazon_21226,Covers_47839,False,0.3800010381981888
Amazon_3152,Covers_31842,False,0.327413631815189
Amazon_1364,Covers_47774,False,0.3287825724946097
Amazon_13520,Covers_285,False,0.3200267854876817
Amazon_20961,Covers_13065,False,0.378984777059053
Amazon_1910,Covers_44451,False,0.2865119430704239
Amazon_19792,Covers_34265,False,0.0818355918473699
Amazon_3673,Covers_24412,False,0.3761182350898022
Amazon_15769,Covers_19280,False,0.3535128659696682
Amazon_3082,Covers_42625,False,0.3349373396095785
Amazon_7013,Covers_13240,False,0.3096787136711535
Amazon_11750,Covers_38218,False,0.3759553502213401
Amazon_1283,Covers_41912,False,0.3860747405407543
Amazon_4613,Covers_47353,False,0.3553174525017928
Amazon_6433,Covers_26295,False,0.3971205975700489
Amazon_13233,Covers_23311,False,0.3733740335106645
Amazon_4745,Covers_21892,False,0.3245343381959584
Amazon_15996,Covers_542,False,0.3672324988011304
Amazon_20948,Covers_38987,False,0.3027733045181811
Amazon_3308,Covers_10260,False,0.3366909070716066
Amazon_2855,Covers_32427,False,0.3687000073849207
Amazon_10581,Covers_47518,False,0.3919238982805337
Amazon_9995,Covers_29366,False,0.3902985775678156
Amazon_22169,Covers_18223,False,0.3939759496836524
Amazon_16642,Covers_34459,False,0.3219344755780928
Amazon_19792,Covers_14729,False,0.0615245725643548
Amazon_15524,Covers_39383,False,0.1981977005270451
Amazon_21715,Covers_14795,False,0.3328418779050064
Amazon_4908,Covers_28399,False,0.2982293381133384
Amazon_1051,Covers_31283,False,0.3791355629418549
Amazon_10219,Covers_998,False,0.2930105223625276
Amazon_2617,Covers_48536,False,0.3062181328413254
Amazon_15408,Covers_25442,False,0.290404344880757
Amazon_4470,Covers_20129,False,0.3679909925055757
Amazon_4801,Covers_34848,False,0.2391118966039649
Amazon_10676,Covers_33513,False,0.3933324463929782
Amazon_11628,Covers_32095,False,0.3774964976785314
Amazon_2598,Covers_3016,False,0.1092603983980958
Amazon_2768,Covers_41966,False,0.3495641352325309
Amazon_18546,Covers_16785,False,0.3503571373803598
Amazon_15458,Covers_42025,False,0.3520541131272499
Amazon_2641,Covers_20708,False,0.3279501656346371
Amazon_1440,Covers_13087,False,0.2334455571868013
Amazon_14385,Covers_29434,False,0.3124866172971702
Amazon_7325,Covers_48014,False,0.3619601998725975
Amazon_18347,Covers_20801,False,0.3238619515540461
Amazon_7605,Covers_1025,False,0.3086946968280185
Amazon_4371,Covers_45338,False,0.354034948188544
Amazon_17455,Covers_40456,False,0.3650705293795995
Amazon_14873,Covers_43760,False,0.3858651362769022
Amazon_14651,Covers_42896,False,0.3572732351336031
Amazon_8290,Covers_48475,False,0.3268188547652342
Amazon_3775,Covers_15174,False,0.3976805786285421
Amazon_957,Covers_22798,False,0.336515574357134
Amazon_1111,Covers_16404,False,0.3847822293688103
Amazon_18965,Covers_30469,False,0.1975829535126197
Amazon_19109,Covers_21117,False,0.3499020427361023
Amazon_16577,Covers_21046,False,0.2736156590234324
Amazon_15692,Covers_35965,False,0.2397083921101173
Amazon_15737,Covers_43959,False,0.2066834031461411
Amazon_14305,Covers_47183,False,0.3068437025207747
Amazon_3489,Covers_17071,False,0.3813028632624755
Amazon_17060,Covers_35402,False,0.389216457175066
Amazon_3111,Covers_40696,False,0.3422208638715813
Amazon_6969,Covers_19396,False,0.3850547072055822
Amazon_15024,Covers_41010,False,0.3312267807797852
Amazon_5384,Covers_48174,False,0.075165311923287
Amazon_11570,Covers_34730,False,0.2428249387401778
Amazon_20654,Covers_48221,False,0.1958587560196644
Amazon_13107,Covers_29663,False,0.1864408427224093
Amazon_11135,Covers_15093,False,0.39880937792086
Amazon_18209,Covers_42261,False,0.3356025705953896
Amazon_17302,Covers_49606,False,0.2608501084029541
Amazon_19792,Covers_31980,False,0.0790383505865785
Amazon_22301,Covers_28819,False,0.3708372288801245
Amazon_7732,Covers_28020,False,0.3903819401257459
Amazon_19792,Covers_22710,False,0.0563116373446765
Amazon_10508,Covers_29880,False,0.3953750614655483
Amazon_7819,Covers_13470,False,0.3451327471731359
Amazon_6266,Covers_21627,False,0.3039802370504033
Amazon_5929,Covers_44936,False,0.3364250653858741
Amazon_5912,Covers_37833,False,0.3666440025577935
Amazon_17006,Covers_30547,False,0.3622133837316334
Amazon_21265,Covers_19984,False,0.2984458907766022
Amazon_15737,Covers_11111,False,0.2519228462078251
Amazon_1637,Covers_29043,False,0.2710434696241512
Amazon_13445,Covers_46060,False,0.3554039470352334
Amazon_5426,Covers_21466,False,0.3934342873305531
Amazon_8930,Covers_16062,False,0.2752247333888709
Amazon_7746,Covers_37762,False,0.3251925215693869
Amazon_8923,Covers_30711,False,0.3093024374215811
Amazon_1362,Covers_20050,False,0.2596612717569477
Amazon_21242,Covers_44672,False,0.3256165703801997
Amazon_18321,Covers_13655,False,0.2823662618806345
Amazon_16380,Covers_22315,False,0.2775828754479834
Amazon_5377,Covers_36772,False,0.3235185031791022
Amazon_89,Covers_48294,False,0.3062223181052955
Amazon_3964,Covers_5197,False,0.338984544886389
Amazon_11428,Covers_43825,False,0.2728285819147685
Amazon_15083,Covers_34040,False,0.2986238684943357
Amazon_13858,Covers_8712,False,0.3226102969832373
Amazon_20527,Covers_23645,False,0.292856381511105
Amazon_12544,Covers_20157,False,0.3788261552758117
Amazon_11550,Covers_48680,False,0.2733211100189286
Amazon_2803,Covers_5877,False,0.3032985710069805
Amazon_6075,Covers_24766,False,0.3989107336572582
Amazon_11006,Covers_46181,False,0.3313338046012926
Amazon_13851,Covers_47924,False,0.372316979367627
Amazon_20364,Covers_15224,False,0.3581710240222391
Amazon_2521,Covers_23238,False,0.2251347086869195
Amazon_11180,Covers_25767,False,0.3101555012389287
Amazon_12369,Covers_16871,False,0.2451450963788872
Amazon_20566,Covers_22638,False,0.2606017354875652
Amazon_17052,Covers_11391,False,0.3421432871061658
Amazon_11570,Covers_30310,False,0.1899315238281509
Amazon_19798,Covers_5527,False,0.2338735783931183
Amazon_13778,Covers_17231,False,0.3173549684834004
Amazon_8970,Covers_49061,False,0.0882207473497512
Amazon_14771,Covers_23813,False,0.3998392189698777
Amazon_22020,Covers_16798,False,0.3632926455652446
Amazon_19317,Covers_9363,False,0.3939488132528955
Amazon_17053,Covers_46965,False,0.2967555562249168
Amazon_14573,Covers_3100,False,0.3470965285845529
Amazon_15985,Covers_38555,False,0.2869512873878188
Amazon_15083,Covers_24269,False,0.1530390976152739
Amazon_1202,Covers_12576,False,0.3340753506848009
Amazon_7537,Covers_32472,False,0.2935065246292631
Amazon_1943,Covers_43095,False,0.3524411546935523
Amazon_3306,Covers_34500,False,0.3342786841728689
Amazon_7354,Covers_36424,False,0.3309870429897794
Amazon_9034,Covers_44879,False,0.3062868854048551
Amazon_3251,Covers_22477,False,0.2808877678550202
Amazon_2596,Covers_19519,False,0.3114340019989671
Amazon_21008,Covers_35053,False,0.2719282801973618
Amazon_3251,Covers_3473,False,0.3205819488672913
Amazon_10271,Covers_11325,False,0.345693445514352
Amazon_4835,Covers_5843,False,0.2928655209684799
Amazon_5518,Covers_18656,False,0.2810315034626149
Amazon_7057,Covers_32215,False,0.2902668686664528
Amazon_4400,Covers_16456,False,0.3727437334807094
Amazon_16310,Covers_23889,False,0.3173633161208855
Amazon_903,Covers_42727,False,0.0990111806673147
Amazon_357,Covers_13248,False,0.3400291936610189
Amazon_914,Covers_19174,False,0.3513798065196124
Amazon_6051,Covers_9890,False,0.3261185636082667
Amazon_17455,Covers_4382,False,0.3187103137657545
Amazon_3993,Covers_34704,False,0.3327059482885509
Amazon_8325,Covers_11062,False,0.3097091432035443
Amazon_5486,Covers_24627,False,0.1604324981475113
Amazon_7807,Covers_23221,False,0.3047240540836525
Amazon_19792,Covers_12683,False,0.0883578634405525
Amazon_9873,Covers_22327,False,0.3082612821184141
Amazon_15083,Covers_20378,False,0.2507280798030286
Amazon_21831,Covers_49068,False,0.1226734973421585
Amazon_1018,Covers_24673,False,0.2681921222918871
Amazon_11984,Covers_15767,False,0.3185372573464135
Amazon_21513,Covers_18651,False,0.2112656124113367
Amazon_3534,Covers_33961,False,0.3140529164008298
Amazon_20916,Covers_35330,False,0.3145081198070493
Amazon_3059,Covers_7181,False,0.3372601963539677
Amazon_642,Covers_37764,False,0.3301462577043563
Amazon_12356,Covers_266,False,0.3324422869923395
Amazon_18501,Covers_17220,False,0.1335135907315079
Amazon_15144,Covers_33242,False,0.3533653836948378
Amazon_2871,Covers_42890,False,0.2979983003300362
Amazon_12328,Covers_40852,False,0.3922742342664075
Amazon_21089,Covers_47425,False,0.2776210273462824
Amazon_14485,Covers_12453,False,0.3589319031547269
Amazon_11570,Covers_22628,False,0.2063085145878443
Amazon_17581,Covers_21019,False,0.3548809977454802
Amazon_19792,Covers_11482,False,0.0611026834251951
Amazon_7116,Covers_28788,False,0.3964728272767029
Amazon_18066,Covers_44508,False,0.3494445014418684
Amazon_6422,Covers_34606,False,0.1312889265288297
Amazon_2721,Covers_48685,False,0.2908658329423572
Amazon_15200,Covers_27227,False,0.2858181789624022
Amazon_7569,Covers_32194,False,0.391065562605245
Amazon_11803,Covers_23535,False,0.3677627688374235
Amazon_13782,Covers_20395,False,0.299657927164794
Amazon_17458,Covers_34441,False,0.3474425228817464
Amazon_10494,Covers_20282,False,0.3949091665769479
Amazon_1710,Covers_37685,False,0.2023766439275283
Amazon_17158,Covers_20154,False,0.3247110447501082
Amazon_16269,Covers_34384,False,0.3858626114553023
Amazon_13442,Covers_27635,False,0.3164336941690567
Amazon_16947,Covers_6772,False,0.3591364469254839
Amazon_8290,Covers_33958,False,0.3568135136174147
Amazon_7421,Covers_36708,False,0.2377433990262674
Amazon_15584,Covers_33634,False,0.1845124143937279
Amazon_4035,Covers_15019,False,0.3659358214588682
Amazon_8332,Covers_21879,False,0.3086825315629946
Amazon_9892,Covers_13815,False,0.3594045252691739
Amazon_20651,Covers_14817,False,0.3185256024361192
Amazon_6586,Covers_32505,False,0.3356341363350974
Amazon_16004,Covers_25169,False,0.3333103542591641
Amazon_5076,Covers_19485,False,0.3456882236800949
Amazon_11172,Covers_9545,False,0.3909748797123953
Amazon_20889,Covers_19238,False,0.3979259853724524
Amazon_21417,Covers_10233,False,0.2343801768425996
Amazon_6959,Covers_36677,False,0.2653880133387119
Amazon_2313,Covers_42795,False,0.3050117372313222
Amazon_2669,Covers_20943,False,0.3484237968042524
Amazon_2809,Covers_15587,False,0.326677002237466
Amazon_7605,Covers_23728,False,0.3657833791750065
Amazon_19002,Covers_20453,False,0.2450729277651246
Amazon_14469,Covers_9834,False,0.3446224500904746
Amazon_3962,Covers_40963,False,0.3620427923006497
Amazon_16079,Covers_32078,False,0.2959571923749655
Amazon_16359,Covers_34836,False,0.2760421759500179
Amazon_6964,Covers_43581,False,0.3972800213527785
Amazon_3536,Covers_10314,False,0.3738748911192917
Amazon_15870,Covers_38727,False,0.3495560278573433
Amazon_11135,Covers_3096,False,0.3395857752987105
Amazon_15737,Covers_41516,False,0.2243976223015163
Amazon_11982,Covers_9904,False,0.3666668376607809
Amazon_4349,Covers_8333,False,0.3300201713899446
Amazon_11285,Covers_44635,False,0.3434539473316688
Amazon_7106,Covers_15048,False,0.2719658769692541
Amazon_18635,Covers_45563,False,0.3107261251290926
Amazon_3125,Covers_28167,False,0.3851034178315186
Amazon_9172,Covers_49124,False,0.2036888201089929
Amazon_3371,Covers_23435,False,0.2671132659957294
Amazon_21546,Covers_17865,False,0.2547083086304166
Amazon_7600,Covers_20487,False,0.352664328536228
Amazon_3071,Covers_21373,False,0.3641307404206443
Amazon_18366,Covers_34573,False,0.3121214256858672
Amazon_4639,Covers_6074,False,0.2299651259215832
Amazon_11731,Covers_49399,False,0.3489447017575561
Amazon_1709,Covers_33401,False,0.3590959468132588
Amazon_7732,Covers_16011,False,0.2010071780015688
Amazon_13646,Covers_11707,False,0.3315506605959574
Amazon_10271,Covers_2799,False,0.3838421698925951
Amazon_16131,Covers_42741,False,0.3318733993294415
Amazon_3297,Covers_42704,False,0.1518191006629637
Amazon_7275,Covers_15326,False,0.3628864801700994
Amazon_8882,Covers_11746,False,0.3657435117392816
Amazon_20848,Covers_48552,False,0.1950493190286793
Amazon_13418,Covers_28871,False,0.3202268467650514
Amazon_11334,Covers_17966,False,0.3584136784744956
Amazon_7064,Covers_15176,False,0.3441727480754406
Amazon_9431,Covers_18127,False,0.3522157866495042
Amazon_19766,Covers_15753,False,0.3007460994047045
Amazon_1710,Covers_48599,False,0.3374944495993011
Amazon_6770,Covers_11320,False,0.3359343623780753
Amazon_4849,Covers_19930,False,0.3491837557440307
Amazon_7141,Covers_30085,False,0.360143197691985
Amazon_5847,Covers_16057,False,0.3949618622016132
Amazon_6908,Covers_30850,False,0.2394845145985678
Amazon_10219,Covers_20166,False,0.3353173734789723
Amazon_17365,Covers_2337,False,0.3626578034289114
Amazon_1710,Covers_41819,False,0.2060541482423712
Amazon_9570,Covers_6206,False,0.387344923146978
Amazon_14674,Covers_20122,False,0.2842600188360289
Amazon_6481,Covers_22547,False,0.3078440978699973
Amazon_15062,Covers_10385,False,0.3561050012915205
Amazon_11507,Covers_477,False,0.3078025311866151
Amazon_12319,Covers_28528,False,0.3417047290688568
Amazon_715,Covers_19798,False,0.3452407979179157
Amazon_451,Covers_30489,False,0.3321365085585744
Amazon_20112,Covers_18217,False,0.3845854020222334
Amazon_7006,Covers_31922,False,0.3818752907150373
Amazon_20307,Covers_48746,False,0.3278767421057236
Amazon_14411,Covers_14509,False,0.3397571855490702
Amazon_6502,Covers_10842,False,0.2904862954082789
Amazon_7689,Covers_6250,False,0.2284535306514365
Amazon_2521,Covers_48607,False,0.2271501906500184
Amazon_5998,Covers_5336,False,0.3044162547389394
Amazon_21528,Covers_8968,False,0.3965442325289469
Amazon_1904,Covers_9984,False,0.3214781722842671
Amazon_13152,Covers_48575,False,0.3982916005277307
Amazon_10596,Covers_45862,False,0.1717275264005354
Amazon_3421,Covers_27993,False,0.3996455508373127
Amazon_8572,Covers_1686,False,0.2387059516684732
Amazon_8970,Covers_44913,False,0.28256156677899
Amazon_11011,Covers_43195,False,0.3321031688148987
Amazon_16170,Covers_927,False,0.1414821337099129
Amazon_9372,Covers_42949,False,0.174971958668319
Amazon_16988,Covers_8009,False,0.3817920138874117
Amazon_13097,Covers_17793,False,0.3615945669047766
Amazon_6422,Covers_25912,False,0.1502834033673849
Amazon_11950,Covers_19589,False,0.2152933851483296
Amazon_1710,Covers_44432,False,0.2616090051133825
Amazon_22237,Covers_46540,False,0.3805270040899839
Amazon_15737,Covers_43253,False,0.2382770619222208
Amazon_2768,Covers_15972,False,0.3593120256331275
Amazon_22,Covers_47070,False,0.2560995231848163
Amazon_13790,Covers_20234,False,0.3776451586139459
Amazon_3251,Covers_42562,False,0.3336618139067145
Amazon_2196,Covers_48571,False,0.3817727692221935
Amazon_9758,Covers_10694,False,0.3706061732212307
Amazon_11915,Covers_47012,False,0.3230490649684386
Amazon_7117,Covers_29132,False,0.3280713503728003
Amazon_8608,Covers_37372,False,0.2419255391218359
Amazon_21320,Covers_11225,False,0.3539474659870497
Amazon_17530,Covers_22759,False,0.3451281703134028
Amazon_9570,Covers_47307,False,0.3419462335962311
Amazon_9304,Covers_41672,False,0.3055076300157289
Amazon_22698,Covers_11840,False,0.3494539008971974
Amazon_6768,Covers_37268,False,0.3942813833188139
Amazon_2871,Covers_16008,False,0.3413833558789867
Amazon_18394,Covers_9809,False,0.395120190225656
Amazon_3464,Covers_29974,False,0.3134853621469662
Amazon_8259,Covers_11757,False,0.3293931480031551
Amazon_8417,Covers_33834,False,0.3260461636641296
Amazon_15524,Covers_34466,False,0.2016539447422822
Amazon_14985,Covers_15738,False,0.3169527407088467
Amazon_2442,Covers_49226,False,0.2532769144634738
Amazon_12493,Covers_49116,False,0.3659210303406834
Amazon_8489,Covers_38086,False,0.1568509963483625
Amazon_3962,Covers_13918,False,0.3703645729961827
Amazon_10044,Covers_34719,False,0.2108163151798528
Amazon_9172,Covers_36267,False,0.2563932566609561
Amazon_11487,Covers_14679,False,0.3251224273356334
Amazon_13400,Covers_45899,False,0.2874942554772746
Amazon_14432,Covers_1450,False,0.2160658192403445
Amazon_12946,Covers_35855,False,0.3430286523851191
Amazon_20340,Covers_37803,False,0.1975851582538787
Amazon_7863,Covers_29258,False,0.1375784499605539
Amazon_11627,Covers_5866,False,0.1298874098439368
Amazon_14394,Covers_26178,False,0.2771059083509941
Amazon_1710,Covers_32685,False,0.2459399495772584
Amazon_21830,Covers_27803,False,0.2966207743093298
Amazon_19581,Covers_28036,False,0.344408239441733
Amazon_18779,Covers_15740,False,0.3553904820032199
Amazon_15737,Covers_25435,False,0.3426856660171183
Amazon_2521,Covers_49796,False,0.2855949281437687
Amazon_8489,Covers_26700,False,0.3019577111559425
Amazon_5536,Covers_19296,False,0.2958349515393335
Amazon_4470,Covers_48899,False,0.3090111441618605
Amazon_4419,Covers_20412,False,0.3870225054384277
Amazon_8290,Covers_35517,False,0.3682945057151923
Amazon_15340,Covers_40480,False,0.3310982555402714
Amazon_16921,Covers_9665,False,0.390168382043851
Amazon_11331,Covers_48259,False,0.3974606855464258
Amazon_4141,Covers_13530,False,0.3404100274770532
Amazon_17205,Covers_30451,False,0.3007425625779122
Amazon_7792,Covers_18603,False,0.3984708088200613
Amazon_2845,Covers_17258,False,0.341438581772585
Amazon_9172,Covers_23851,False,0.2141852947543823
Amazon_15409,Covers_43379,False,0.2479066968995493
Amazon_5046,Covers_25115,False,0.3095871770694353
Amazon_11685,Covers_43582,False,0.3864581666825205
Amazon_15083,Covers_48845,False,0.2510961395120684
Amazon_16748,Covers_16660,False,0.2828161627408385
Amazon_9643,Covers_41753,False,0.3068935950747263
Amazon_1396,Covers_19811,False,0.3982759340302947
Amazon_7411,Covers_44645,False,0.2991959119171677
Amazon_2521,Covers_22113,False,0.3120370379905036
Amazon_6748,Covers_40873,False,0.3223774582799082
Amazon_7856,Covers_38910,False,0.2946227731361506
Amazon_22463,Covers_48658,False,0.1803441341956298
Amazon_13107,Covers_27504,False,0.1101643872711083
Amazon_3166,Covers_46592,False,0.2912003606683381
Amazon_12806,Covers_40630,False,0.3157118796304968
Amazon_9352,Covers_12608,False,0.347934757342871
Amazon_2521,Covers_40804,False,0.2833246917087018
Amazon_12010,Covers_30954,False,0.3295598370743184
Amazon_2521,Covers_20463,False,0.2485284332389906
Amazon_18501,Covers_44342,False,0.1530422562391555
Amazon_13107,Covers_45683,False,0.1898945068213005
Amazon_7189,Covers_18404,False,0.3997284822406483
Amazon_5135,Covers_30726,False,0.3707712297378832
Amazon_1022,Covers_40206,False,0.1412755426233026
Amazon_2163,Covers_22035,False,0.3898803493550523
Amazon_4336,Covers_44917,False,0.2097558995701798
Amazon_17255,Covers_160,False,0.2454490843190828
Amazon_1943,Covers_48276,False,0.2294961937562706
Amazon_1760,Covers_32775,False,0.329334642570998
Amazon_7839,Covers_5163,False,0.375156828547717
Amazon_11100,Covers_4475,False,0.3912797353426095
Amazon_11487,Covers_12411,False,0.3633248675396893
Amazon_2077,Covers_36425,False,0.3995583545293804
Amazon_1432,Covers_12326,False,0.2827946652668501
Amazon_7374,Covers_38368,False,0.3597470220025012
Amazon_7179,Covers_19357,False,0.2531421302323801
Amazon_16038,Covers_46762,False,0.2505960654178402
Amazon_11501,Covers_34007,False,0.3802029088186022
Amazon_7534,Covers_35883,False,0.2524582718308439
Amazon_4184,Covers_34111,False,0.3931487488005386
Amazon_11080,Covers_15937,False,0.3506469363192284
Amazon_414,Covers_20610,False,0.3644056217921441
Amazon_6377,Covers_2432,False,0.3371201558790519
Amazon_13022,Covers_30742,False,0.3843213420793092
Amazon_15787,Covers_5069,False,0.3603516193796116
Amazon_13733,Covers_39353,False,0.3098840180554141
Amazon_19792,Covers_30140,False,0.0818355918473699
Amazon_18016,Covers_28985,False,0.3939651910572626
Amazon_2920,Covers_41938,False,0.3371971509516627
Amazon_7571,Covers_38004,False,0.3043569509287374
Amazon_21516,Covers_48053,False,0.3996006605035395
Amazon_18776,Covers_33061,False,0.2978755777616879
Amazon_15083,Covers_29217,False,0.1930845120249833
Amazon_14373,Covers_3186,False,0.2844895908278049
Amazon_2669,Covers_5504,False,0.3227876531490096
Amazon_9847,Covers_44241,False,0.3078860084451156
Amazon_258,Covers_31193,False,0.3107059288651447
Amazon_15737,Covers_34090,False,0.1702911100094372
Amazon_17767,Covers_23729,False,0.3299628638661378
Amazon_2364,Covers_37266,False,0.2975784698457785
Amazon_4396,Covers_27257,False,0.3637500187058021
Amazon_14921,Covers_46200,False,0.3885926230318769
Amazon_3303,Covers_27722,False,0.3125461831191649
Amazon_16642,Covers_15486,False,0.3052100173546391
Amazon_21995,Covers_49400,False,0.2989199820396288
Amazon_15083,Covers_27451,False,0.1591884865975297
Amazon_3993,Covers_22885,False,0.3379257784170007
Amazon_19284,Covers_41920,False,0.2528179354706533
Amazon_14590,Covers_17133,False,0.3601406554701811
Amazon_2521,Covers_20048,False,0.3869828763440877
Amazon_11542,Covers_35446,False,0.2373263174646519
Amazon_9995,Covers_3318,False,0.2496329464328841
Amazon_13688,Covers_33247,False,0.3196189735422536
Amazon_5998,Covers_45574,False,0.3564855182185253
Amazon_7467,Covers_26022,False,0.2681167291277406
Amazon_20819,Covers_48191,False,0.3366681122062813
Amazon_16299,Covers_823,False,0.25044200663817
Amazon_1710,Covers_26906,False,0.1312572137096663
Amazon_9145,Covers_44706,False,0.3146091941933592
Amazon_536,Covers_38133,False,0.3130365973523814
Amazon_11709,Covers_39444,False,0.3070580916413372
Amazon_2924,Covers_11219,False,0.3634815004449033
Amazon_8942,Covers_46239,False,0.3582790412295471
Amazon_13233,Covers_20812,False,0.3467630414550856
Amazon_12911,Covers_16283,False,0.3893201481109452
Amazon_1817,Covers_41590,False,0.3600749401438724
Amazon_19607,Covers_3682,False,0.3169992691856382
Amazon_4785,Covers_11584,False,0.3138897027838888
Amazon_17001,Covers_9482,False,0.3864951153613564
Amazon_7340,Covers_9034,False,0.3725004927151982
Amazon_2960,Covers_5234,True,0.7029901062840572
Amazon_15512,Covers_3628,True,0.823173608243068
Amazon_14615,Covers_6246,True,0.4978344749721924
Amazon_4690,Covers_4239,True,0.7460609406674535
Amazon_5235,Covers_122,True,0.6046271021820439
Amazon_15059,Covers_2229,True,0.8103985084369273
Amazon_11366,Covers_8178,True,0.5079076982446538
Amazon_12078,Covers_3815,True,0.8831522621274285
Amazon_16061,Covers_5414,True,0.8492223694719078
Amazon_79,Covers_3525,True,0.5224491487030002
Amazon_3471,Covers_3678,True,0.3073267613349659
Amazon_19820,Covers_3195,True,0.6169421581378467
Amazon_11721,Covers_4863,True,0.5175464619208591
Amazon_16396,Covers_7251,True,0.5980654781446617
Amazon_1743,Covers_7742,True,0.7776297475240543
Amazon_14155,Covers_4664,True,0.5209447128249718
Amazon_11416,Covers_4938,True,0.7562891105161257
Amazon_597,Covers_5814,True,0.3778453747457759
Amazon_7519,Covers_2806,True,0.8756055589958359
Amazon_12112,Covers_2649,True,0.4230424096599481
Amazon_1040,Covers_8194,True,0.6527852566510957
Amazon_5185,Covers_1262,True,0.6430676509893269
Amazon_12229,Covers_5302,True,0.5827315003059953
Amazon_4255,Covers_3985,True,0.6375227787721849
Amazon_16123,Covers_3384,True,0.7517473211963366
Amazon_8105,Covers_1260,True,0.6376705461196323
Amazon_6062,Covers_7272,True,0.5967249920843583
Amazon_7715,Covers_485,True,0.7496277261142011
Amazon_10994,Covers_6935,True,0.630246548652053
Amazon_1238,Covers_4452,True,0.5634811190436739
Amazon_9046,Covers_5215,True,0.713262654715681
Amazon_12032,Covers_2852,True,0.5707474949902569
Amazon_15570,Covers_3553,True,0.6278376855207701
Amazon_11029,Covers_2287,True,0.565204123060687
Amazon_15600,Covers_4430,True,0.707778081982609
Amazon_16770,Covers_3903,True,0.5299050563911331
Amazon_18213,Covers_1473,True,0.7642191054663577
Amazon_3269,Covers_2347,True,0.5131958603261173
Amazon_1579,Covers_5312,True,0.7946778460529279
Amazon_7763,Covers_4948,True,0.565056692132874
Amazon_11546,Covers_3228,True,0.864904785737843
Amazon_14434,Covers_2279,True,0.7684245511382071
Amazon_11813,Covers_1601,True,0.5826484066445862
Amazon_10476,Covers_3569,True,0.8655307170750095
Amazon_941,Covers_6065,True,0.7662661441907584
Amazon_13719,Covers_4525,True,0.6847374374762011
Amazon_663,Covers_8747,True,0.6792547078164829
Amazon_17947,Covers_482,True,0.8973417332632794
Amazon_11674,Covers_4685,True,0.5892212255261087
Amazon_11014,Covers_4801,True,0.5935667023628047
Amazon_17807,Covers_1670,True,0.8561501030065307
Amazon_18065,Covers_3675,True,0.8306319168320564
Amazon_2834,Covers_3688,True,0.449103348753516
Amazon_9071,Covers_3238,True,0.6421159601072678
Amazon_16817,Covers_1676,True,0.6447522081616532
Amazon_3689,Covers_8055,True,0.626300333192677
Amazon_20189,Covers_1595,True,0.650767686599793
Amazon_3525,Covers_8465,True,0.7905346806864777
Amazon_10463,Covers_4940,True,0.8847249215901565
Amazon_16604,Covers_666,True,0.5735833280718609
Amazon_3475,Covers_7429,True,0.8416633916820463
Amazon_18278,Covers_539,True,0.7253996168145077
Amazon_8364,Covers_3314,True,0.7349510409398057
Amazon_17957,Covers_341,True,0.6523635016660321
Amazon_16590,Covers_4946,True,0.5998626973617889
Amazon_15433,Covers_2238,True,0.8671254958377044
Amazon_15477,Covers_2469,True,0.7324320587819749
Amazon_4069,Covers_4540,True,0.5645313732872931
Amazon_17171,Covers_304,True,0.591788438201804
Amazon_15383,Covers_3814,True,0.7007968981452702
Amazon_11182,Covers_8350,True,0.7044691005896161
Amazon_3995,Covers_6035,True,0.4883323830261437
Amazon_16626,Covers_2335,True,0.5821593767418627
Amazon_18268,Covers_7046,True,0.8826852714678262
Amazon_13506,Covers_777,True,0.4408165184293541
Amazon_18395,Covers_2729,True,0.782693702617775
Amazon_8496,Covers_4384,True,0.7061459423951225
Amazon_13981,Covers_6258,True,0.6480659424942758
Amazon_18748,Covers_5473,True,0.3055493149453299
Amazon_15323,Covers_1956,True,0.8346528963329801
Amazon_4673,Covers_1660,True,0.8871911201184183
Amazon_15556,Covers_2395,True,0.6030679810942818
Amazon_3586,Covers_3479,True,0.4810025518940798
Amazon_18739,Covers_4437,True,0.7115106367229429
Amazon_1598,Covers_8106,True,0.6547749280108325
Amazon_11589,Covers_3816,True,0.63958323582539
Amazon_20824,Covers_4226,True,0.6926859793484283
Amazon_4307,Covers_4591,True,0.6909875112169263
Amazon_3832,Covers_6247,True,0.4827446397951592
Amazon_13809,Covers_4460,True,0.755282552709978
Amazon_15774,Covers_3979,True,0.5676415504331274
Amazon_2450,Covers_4672,True,0.4667866015489028
Amazon_13103,Covers_1502,True,0.8473673907164262
Amazon_15527,Covers_5938,True,0.8269927265241477
Amazon_15138,Covers_369,True,0.625120440361923
Amazon_8413,Covers_8571,True,0.7031600926374896
Amazon_237,Covers_4296,True,0.7872724089700703
Amazon_20279,Covers_5761,True,0.6799807302938028
Amazon_58,Covers_4261,True,0.5547183917214837
Amazon_11937,Covers_1605,True,0.5095259609409161
Amazon_217,Covers_4398,True,0.5193813145896086
Amazon_18394,Covers_6212,True,0.7260274964711617
Amazon_15116,Covers_2865,True,0.7056194100816731
Amazon_2628,Covers_4698,True,0.450755486244519
Amazon_15109,Covers_8229,True,0.5762021195835342
Amazon_12997,Covers_3820,True,0.7439253042122647
Amazon_15162,Covers_4630,True,0.8408597589261327
Amazon_798,Covers_6026,True,0.6247820217256703
Amazon_10232,Covers_3567,True,0.8813012854193664
Amazon_14160,Covers_6085,True,0.7374461116367333
Amazon_1724,Covers_3943,True,0.6703346930576325
Amazon_17551,Covers_1671,True,0.6561259544003364
Amazon_15999,Covers_5419,True,0.7186683333011467
Amazon_790,Covers_3170,True,0.6797522063343643
Amazon_4893,Covers_619,True,0.8572791031643984
Amazon_4149,Covers_2065,True,0.5283776400251867
Amazon_9254,Covers_5803,True,0.4672533553550855
Amazon_13908,Covers_3236,True,0.5627990810810125
Amazon_11168,Covers_6673,True,0.5905445549087793
Amazon_5314,Covers_4371,True,0.5988595995890406
Amazon_13588,Covers_5838,True,0.522083129248911
Amazon_3178,Covers_4228,True,0.7067544233430318
Amazon_16167,Covers_7146,True,0.45765587294861
Amazon_9126,Covers_1698,True,0.833524832322326
Amazon_7775,Covers_544,True,0.6265451262454271
Amazon_15536,Covers_4905,True,0.6417729166288725
Amazon_20185,Covers_5979,True,0.8158328237639235
Amazon_1208,Covers_6010,True,0.4803038980364481
Amazon_11128,Covers_6155,True,0.5216840690667115
Amazon_13947,Covers_2555,True,0.7582434929117154
Amazon_1450,Covers_5905,True,0.8274555741310673
Amazon_14246,Covers_5827,True,0.7029165374811556
Amazon_4547,Covers_4007,True,0.5902855772285381
Amazon_17359,Covers_3582,True,0.6876942900833861
Amazon_18557,Covers_8900,True,0.8565647808749444
Amazon_13635,Covers_577,True,0.6020742413910585
Amazon_3461,Covers_3825,True,0.8029075910301269
Amazon_8609,Covers_8056,True,0.6381027621464475
Amazon_8030,Covers_1428,True,0.6321150375558614
Amazon_13428,Covers_6079,True,0.8991810343575043
Amazon_21991,Covers_6256,True,0.6588550316956778
Amazon_6988,Covers_450,True,0.837761136983382
Amazon_15070,Covers_1938,True,0.5923613072092159
Amazon_544,Covers_5344,True,0.8115749286013514
Amazon_11055,Covers_4310,True,0.5050736573591066
Amazon_19685,Covers_3850,True,0.8026624852629635
Amazon_566,Covers_5406,True,0.7238240920376299
Amazon_18934,Covers_1569,True,0.4772810711263529
Amazon_14909,Covers_6480,True,0.423206177998241
Amazon_18924,Covers_1886,True,0.5538842696835997
Amazon_7350,Covers_3198,True,0.6150259711325836
Amazon_11119,Covers_4038,True,0.7042467028581967
Amazon_20679,Covers_546,True,0.5790080269522051
Amazon_15098,Covers_1419,True,0.8692185083734497
Amazon_12914,Covers_6211,True,0.7453355504197156
Amazon_17706,Covers_515,True,0.659224108040079
Amazon_1197,Covers_1313,True,0.7023294319261884
Amazon_5300,Covers_3989,True,0.7083782065462666
Amazon_11009,Covers_91,True,0.7822677893177867
Amazon_12806,Covers_5851,True,0.6494636357956074
Amazon_21417,Covers_2843,True,0.4176223541779136
Amazon_7518,Covers_2612,True,0.6299222502984367
Amazon_2638,Covers_4445,True,0.7171396595066851
Amazon_18328,Covers_1530,True,0.5725962712539532
Amazon_18354,Covers_1688,True,0.7379752990093594
Amazon_13799,Covers_2728,True,0.7570837064296843
Amazon_6654,Covers_3794,True,0.6410036676806748
Amazon_11272,Covers_4835,True,0.5970995290685772
Amazon_13151,Covers_2898,True,0.7791759659246676
Amazon_15620,Covers_574,True,0.4812562043141271
Amazon_16357,Covers_4168,True,0.3853414536325442
Amazon_14567,Covers_1518,True,0.7985776487679745
Amazon_1148,Covers_4031,True,0.881000117781263
Amazon_15522,Covers_594,True,0.8345396364484716
Amazon_5284,Covers_4565,True,0.3773546315796936
Amazon_13751,Covers_3587,True,0.6851179606763979
Amazon_16972,Covers_7883,True,0.6509336253495562
Amazon_16052,Covers_4839,True,0.4416548521569202
Amazon_15253,Covers_2230,True,0.3597232054192363
Amazon_3069,Covers_4615,True,0.7387637192246581
Amazon_15415,Covers_2742,True,0.7674260431809401
Amazon_15049,Covers_1531,True,0.6612007245552597
Amazon_14103,Covers_6228,True,0.655406900566624
Amazon_6509,Covers_3119,True,0.6510094269848626
Amazon_16666,Covers_322,True,0.6077151255135789
Amazon_11349,Covers_641,True,0.6144108343050539
Amazon_15562,Covers_2033,True,0.7535310469643769
Amazon_15202,Covers_1206,True,0.7986091652143883
Amazon_18008,Covers_1916,True,0.8388083158923882
Amazon_4016,Covers_882,True,0.636625789020223
Amazon_17440,Covers_885,True,0.6338765893489438
Amazon_18319,Covers_503,True,0.8415573877395792
Amazon_22369,Covers_7584,True,0.3769165192318449
Amazon_4709,Covers_728,True,0.7892461895389129
Amazon_16499,Covers_7341,True,0.5611303866010124
Amazon_4676,Covers_373,True,0.5880904616537994
Amazon_15103,Covers_4367,True,0.6232651078436929
Amazon_15125,Covers_3715,True,0.598702200847944
Amazon_888,Covers_3319,True,0.6796838069422813
Amazon_7444,Covers_15,True,0.6811584902698168
Amazon_2193,Covers_5861,True,0.5417366904894433
Amazon_8549,Covers_8054,True,0.5067310679657525
Amazon_4415,Covers_1264,True,0.7817212867928517
Amazon_7182,Covers_3812,True,0.6612007245552597
Amazon_15390,Covers_2256,True,0.8896757322135954
Amazon_7448,Covers_401,True,0.5775453072025629
Amazon_5318,Covers_3917,True,0.7499061472110299
Amazon_20473,Covers_7021,True,0.4720845518449207
Amazon_18184,Covers_2613,True,0.693588769164206
Amazon_11835,Covers_1806,True,0.4051358076122284
Amazon_10192,Covers_1388,True,0.5886204018704149
Amazon_11044,Covers_8309,True,0.6470149745427184
Amazon_14940,Covers_3785,True,0.7717129942047176
Amazon_4263,Covers_4848,True,0.5626385767413576
Amazon_21018,Covers_2445,True,0.7466160610435549
Amazon_15009,Covers_478,True,0.8115808267222202
Amazon_18346,Covers_1809,True,0.8147303130800498
Amazon_120,Covers_5405,True,0.8773617769594397
Amazon_21326,Covers_8886,True,0.7725457947159204
Amazon_15402,Covers_3157,True,0.8481778600505968
Amazon_8649,Covers_4419,True,0.8676842205781585
Amazon_10223,Covers_3160,True,0.6277351190966244
Amazon_15425,Covers_124,True,0.8507098061375613
Amazon_840,Covers_4763,True,0.8123190899510178
Amazon_9151,Covers_3597,True,0.5959461346806507
Amazon_11193,Covers_3052,True,0.6664936112169755
Amazon_11386,Covers_952,True,0.6181079540392992
Amazon_3275,Covers_5379,True,0.5798797513071228
Amazon_17595,Covers_7413,True,0.8467315283789183
Amazon_15895,Covers_4544,True,0.7763587320178226
Amazon_15578,Covers_3817,True,0.8453574293410452
Amazon_4377,Covers_1642,True,0.7389844111433463
Amazon_20091,Covers_2648,True,0.7057145251016103
Amazon_5678,Covers_6153,True,0.609705731056281
Amazon_11726,Covers_1982,True,0.3487631944318434
Amazon_1027,Covers_6968,True,0.486081610009814
Amazon_14092,Covers_5001,True,0.8906626960287802
Amazon_14925,Covers_3911,True,0.6907875448786888
Amazon_4716,Covers_637,True,0.8891165698752936
Amazon_17900,Covers_107,True,0.5237945431980136
Amazon_527,Covers_3672,True,0.5941916756138051
Amazon_14849,Covers_5833,True,0.6819255607984387
Amazon_13552,Covers_4850,True,0.7308390384859802
Amazon_15839,Covers_2634,True,0.5452850740666357
Amazon_16595,Covers_5429,True,0.7022099244501562
Amazon_6743,Covers_4349,True,0.5579443195661774
Amazon_11808,Covers_3689,True,0.7612630451067361
Amazon_15404,Covers_5793,True,0.8642068611747855
Amazon_16285,Covers_4889,True,0.374130465992957
Amazon_5693,Covers_8020,True,0.5910537630214507
Amazon_18772,Covers_5381,True,0.6458599665811193
Amazon_13766,Covers_4935,True,0.4670659280567184
Amazon_2251,Covers_2183,True,0.5985506221616202
Amazon_4739,Covers_1650,True,0.6637535533059691
Amazon_7754,Covers_384,True,0.4177770740311488
Amazon_12535,Covers_5829,True,0.5324891700129172
Amazon_14112,Covers_4841,True,0.7649938992484138
Amazon_15243,Covers_3060,True,0.7895103714012968
Amazon_19875,Covers_2786,True,0.7721134622005857
Amazon_16040,Covers_4252,True,0.8458301921244996
Amazon_18597,Covers_4407,True,0.6656425194078497
Amazon_10991,Covers_3756,True,0.3866905901613553
Amazon_16568,Covers_1911,True,0.7679610109348041
Amazon_10425,Covers_1652,True,0.8494153756822354
Amazon_5310,Covers_2131,True,0.3698887151212052
Amazon_11690,Covers_5306,True,0.7205649998167197
Amazon_20958,Covers_6635,True,0.8351551152068902
Amazon_15163,Covers_1488,True,0.8933883940921593
Amazon_16715,Covers_394,True,0.4407195053516715
Amazon_281,Covers_971,True,0.5695459953520257
Amazon_8136,Covers_8522,True,0.5442059103757613
Amazon_18517,Covers_2575,True,0.6366682354669588
Amazon_15020,Covers_3038,True,0.8913201982134404
Amazon_80,Covers_2890,True,0.7782788175384291
Amazon_18261,Covers_4099,True,0.6284732594285389
Amazon_15830,Covers_4979,True,0.7820768319036991
Amazon_16566,Covers_3142,True,0.655903568431378
Amazon_12224,Covers_365,True,0.5255941549615922
Amazon_15031,Covers_4812,True,0.8709754463704088
Amazon_14342,Covers_4974,True,0.682532810209778
Amazon_2540,Covers_6096,True,0.5729776970941252
Amazon_13846,Covers_2988,True,0.6804581617975831
Amazon_4639,Covers_480,True,0.7201737356844486
Amazon_15827,Covers_4485,True,0.4788902974471494
Amazon_8247,Covers_5617,True,0.7918268642067272
Amazon_14956,Covers_5988,True,0.832076644035788
Amazon_6698,Covers_5195,True,0.591985961223773
Amazon_15021,Covers_1906,True,0.6455670381252804
Amazon_2780,Covers_1811,True,0.4012208252904752
Amazon_7807,Covers_5298,True,0.422624244491157
Amazon_2796,Covers_2798,True,0.7670239747379898
Amazon_1832,Covers_5426,True,0.3867908393252861
Amazon_1969,Covers_5451,True,0.7058252500018909
Amazon_3368,Covers_6144,True,0.6189029850421903
Amazon_10840,Covers_2722,True,0.6403087235262729
Amazon_7778,Covers_670,True,0.7387744218447965
Amazon_3486,Covers_1954,True,0.742131310223672
Amazon_16976,Covers_2834,True,0.7962349784673292
Amazon_9453,Covers_268,True,0.6003471039979305
Amazon_7283,Covers_1225,True,0.5612363250173948
Amazon_18186,Covers_14292,False,0.6849469493022765
Amazon_16191,Covers_24654,False,0.6757794789342756
Amazon_5865,Covers_14115,False,0.672877808712811
Amazon_4386,Covers_1096,False,0.8498966269413747
Amazon_3190,Covers_49862,False,0.7702963613514648
Amazon_9671,Covers_11366,False,0.836737561737989
Amazon_19225,Covers_11408,False,0.6324620895873221
Amazon_10504,Covers_45909,False,0.6493037123642511
Amazon_8205,Covers_29175,False,0.6742452278394689
Amazon_17002,Covers_39297,False,0.7996133691756041
Amazon_16066,Covers_7464,False,0.6218463728945327
Amazon_5237,Covers_6746,False,0.7710285244876818
Amazon_13649,Covers_26338,False,0.7010976851185439
Amazon_18624,Covers_26878,False,0.6123892623612321
Amazon_10633,Covers_12350,False,0.6865369489472993
Amazon_10779,Covers_39564,False,0.6102145020013098
Amazon_8652,Covers_15155,False,0.6141960635604431
Amazon_17956,Covers_1197,False,0.6086216600107757
Amazon_17108,Covers_3501,False,0.6596652720913128
Amazon_15484,Covers_28472,False,0.7982628576871024
Amazon_15381,Covers_11185,False,0.6776951620609076
Amazon_21637,Covers_7859,False,0.6580670493724539
Amazon_14095,Covers_30955,False,0.7513067021409701
Amazon_16364,Covers_1353,False,0.7121138802499255
Amazon_8555,Covers_8883,False,0.830984452762572
Amazon_7853,Covers_8664,False,0.6219225948273335
Amazon_17223,Covers_27467,False,0.7352098646732426
Amazon_3103,Covers_17020,False,0.7200356103905914
Amazon_6725,Covers_6330,False,0.6849601769917213
Amazon_7534,Covers_16918,False,0.7494769339827956
Amazon_2096,Covers_41575,False,0.621751909332545
Amazon_7082,Covers_10123,False,0.6187276569155344
Amazon_17287,Covers_10962,False,0.7247757589161046
Amazon_14032,Covers_35159,False,0.7542671397364793
Amazon_18886,Covers_44692,False,0.6532625265261606
Amazon_4491,Covers_23020,False,0.8541017192960784
Amazon_3259,Covers_24994,False,0.613221443728143
Amazon_17339,Covers_48811,False,0.6701022554759193
Amazon_7394,Covers_23478,False,0.6577818733936126
Amazon_7569,Covers_11056,False,0.6864997051377285
Amazon_19733,Covers_35094,False,0.6127097215115966
Amazon_21252,Covers_27851,False,0.8292358624385192
Amazon_2845,Covers_1687,False,0.630528828216063
Amazon_3426,Covers_18465,False,0.6828698288777579
Amazon_3803,Covers_41845,False,0.6216980471701643
Amazon_14403,Covers_29979,False,0.6129435806403094
Amazon_7235,Covers_17499,False,0.645791538890591
Amazon_18013,Covers_2108,False,0.6446150096125616
Amazon_10929,Covers_26821,False,0.9879250939752372
Amazon_6669,Covers_27896,False,0.7339252913952218
Amazon_7569,Covers_23106,False,0.7371686857373148
Amazon_4719,Covers_233,False,0.6297264998331282
Amazon_2845,Covers_6668,False,0.6573638678601159
Amazon_15590,Covers_38983,False,0.6455766699229302
Amazon_22410,Covers_40511,False,0.696075815753066
Amazon_13149,Covers_38646,False,0.8927209737023698
Amazon_10636,Covers_860,False,0.6254198059412138
Amazon_21396,Covers_12551,False,0.6909861412277774
Amazon_16463,Covers_6024,False,0.6879938600251103
Amazon_3315,Covers_5960,False,0.6225932880970939
Amazon_10876,Covers_3165,False,0.7711276105187896
Amazon_12687,Covers_46291,False,0.7357725251688263
Amazon_3649,Covers_31600,False,0.6570794788561427
Amazon_11153,Covers_16649,False,0.8146098946445375
Amazon_6460,Covers_31154,False,0.7521694521614504
Amazon_17077,Covers_43997,False,0.6244830159885169
Amazon_7550,Covers_32294,False,0.6524101717603762
Amazon_4476,Covers_11255,False,0.7925848506821237
Amazon_15296,Covers_27821,False,0.6363377440064532
Amazon_16337,Covers_20151,False,0.7252115834289921
Amazon_7275,Covers_25416,False,0.6921971450322045
Amazon_10558,Covers_47440,False,0.967409003343132
Amazon_13145,Covers_21881,False,0.6332816231693823
Amazon_13775,Covers_27102,False,0.7786938693964062
Amazon_12009,Covers_10211,False,0.6113724582268508
Amazon_11577,Covers_38754,False,0.6603054258295996
Amazon_15121,Covers_11751,False,0.6556297664241253
Amazon_15357,Covers_7431,False,0.6020216769388574
Amazon_15935,Covers_6818,False,0.6065846898762282
Amazon_7441,Covers_10750,False,0.6115545046383735
Amazon_3819,Covers_32842,False,0.6723095981811987
Amazon_15391,Covers_7082,False,0.8484342401558254
Amazon_15827,Covers_8677,False,0.6244628395800345
Amazon_6433,Covers_5086,False,0.6972311247238114
Amazon_10157,Covers_46834,False,0.6676124090841487
Amazon_3315,Covers_12563,False,0.7585703058152597
Amazon_19928,Covers_17203,False,0.6410764192012393
Amazon_14367,Covers_23455,False,0.6258159144803302
Amazon_20961,Covers_48885,False,0.8591292892100945
Amazon_7427,Covers_38755,False,0.686991744264777
Amazon_12371,Covers_29672,False,0.7022986875733566
Amazon_18814,Covers_16083,False,0.6276537673704244
Amazon_14902,Covers_9041,False,0.6205906271568932
Amazon_11517,Covers_48521,False,0.727934386288668
Amazon_5691,Covers_31959,False,0.6606341315148428
Amazon_17664,Covers_32528,False,0.6089451030795251
Amazon_11285,Covers_24830,False,0.6090974445363961
Amazon_16322,Covers_9653,False,0.7625432186700255
Amazon_15871,Covers_28186,False,0.7927590721029026
Amazon_14991,Covers_29536,False,0.6630201768429824
Amazon_2961,Covers_38050,False,0.7877045272039058
Amazon_9956,Covers_46967,False,0.7368539529986475
Amazon_4378,Covers_4383,False,0.6593462862778733
Amazon_7792,Covers_19340,False,0.6074371730970661
Amazon_7441,Covers_31444,False,0.6153357402656614
Amazon_17813,Covers_25850,False,0.7423580516736291
Amazon_14614,Covers_46947,False,0.7167778496202787
Amazon_17428,Covers_43121,False,0.6600728251033771
Amazon_18655,Covers_7016,False,0.7111673060612348
Amazon_3387,Covers_26557,False,0.6055138006308345
Amazon_11990,Covers_42563,False,0.6103433886768629
Amazon_7842,Covers_15821,False,0.6354726665831713
Amazon_9431,Covers_47888,False,0.725236198266822
Amazon_13706,Covers_27430,False,0.6469676291435573
Amazon_12620,Covers_28745,False,0.6372268418781195
Amazon_17976,Covers_48778,False,0.6018165286464082
Amazon_527,Covers_9160,False,0.6253806270435788
Amazon_11135,Covers_7437,False,0.7222531794994325
Amazon_15024,Covers_12073,False,0.9818938561693604
Amazon_2889,Covers_19935,False,0.6933412407464314
Amazon_8597,Covers_11736,False,0.6408001904432212
Amazon_13578,Covers_45858,False,0.7274526344751354
Amazon_13202,Covers_33292,False,0.6346022563844865
Amazon_16544,Covers_17634,False,0.741924163399365
Amazon_4817,Covers_48108,False,0.6286728375563747
Amazon_16577,Covers_28651,False,0.6614440004195029
Amazon_22241,Covers_2436,False,0.6009411045352377
Amazon_12347,Covers_21361,False,0.6181649729509957
Amazon_18278,Covers_4139,False,0.7213540780830284
Amazon_10157,Covers_2611,False,0.722877839645878
Amazon_11075,Covers_24697,False,0.9293800629460048
Amazon_18310,Covers_38859,False,0.7222635651873575
Amazon_16960,Covers_15817,False,0.8036520637420629
Amazon_9381,Covers_45390,False,0.6778936889259368
Amazon_4652,Covers_10012,False,0.6198349280195694
Amazon_7511,Covers_12346,False,0.6777213437632459
Amazon_3315,Covers_41059,False,0.6243160965851534
Amazon_13850,Covers_15208,False,0.7682428718271996
Amazon_16861,Covers_3,False,0.6997616825022233
Amazon_18486,Covers_47832,False,0.6237433032969318
Amazon_863,Covers_39753,False,0.643099070833327
Amazon_11043,Covers_38346,False,0.6224676698298129
Amazon_22216,Covers_25374,False,0.634708287490169
Amazon_21101,Covers_920,False,0.9885614801550092
Amazon_12220,Covers_22827,False,0.6466750931648517
Amazon_16811,Covers_47236,False,0.6009214254998314
Amazon_15187,Covers_12312,False,0.7005762768748772
Amazon_13752,Covers_32986,False,0.7054097975959268
Amazon_20818,Covers_12325,False,0.7071817150736742
Amazon_4,Covers_37684,False,0.6545170267408134
Amazon_18044,Covers_18693,False,0.6160454828641404
Amazon_16499,Covers_24586,False,0.6107073981019099
Amazon_1090,Covers_3840,False,0.6577778800625349
Amazon_7781,Covers_17163,False,0.6165925978430424
Amazon_22365,Covers_49636,False,0.6096844905924177
Amazon_7804,Covers_24918,False,0.7009312568537535
Amazon_3881,Covers_38253,False,0.7280717031168629
Amazon_15409,Covers_49818,False,0.6966326710125373
Amazon_9119,Covers_18835,False,0.8465008174699058
Amazon_20937,Covers_46766,False,0.7000880650108411
Amazon_11611,Covers_16895,False,0.6780829081095578
Amazon_6986,Covers_7869,False,0.7879570937083311
Amazon_14549,Covers_29507,False,0.7557756680460683
Amazon_7596,Covers_2289,False,0.7647380873446892
Amazon_15282,Covers_42791,False,0.7652549647913179
Amazon_4515,Covers_19210,False,0.6041313196422486
Amazon_14481,Covers_34555,False,0.6097962915376237
Amazon_9139,Covers_21446,False,0.8513945812600807
Amazon_15327,Covers_38211,False,0.6814570924299044
Amazon_21152,Covers_34588,False,0.6292222507903881
Amazon_15692,Covers_40947,False,0.7030846554051496
Amazon_9010,Covers_5119,False,0.6091488634304051
Amazon_16889,Covers_25543,False,0.7108962701421118
Amazon_5049,Covers_32728,False,0.6690415428941503
Amazon_20945,Covers_5700,False,0.6164485710106082
Amazon_7793,Covers_34084,False,0.6060684953106056
Amazon_15131,Covers_4836,False,0.6546268798726577
Amazon_9104,Covers_7711,False,0.8450052286930377
Amazon_4749,Covers_47319,False,0.7304820225183303
Amazon_10771,Covers_15764,False,0.6250218395426255
Amazon_3489,Covers_11169,False,0.7686787812527308
Amazon_2357,Covers_35356,False,0.6348653127604837
Amazon_5012,Covers_17221,False,0.6681620332088435
Amazon_20689,Covers_21831,False,0.6675623181819608
Amazon_12392,Covers_43776,False,0.8316202590147178
Amazon_3566,Covers_17920,False,0.8046857065056725
Amazon_15868,Covers_15851,False,0.666442353557465
Amazon_15002,Covers_2526,False,0.8111120184493207
Amazon_17831,Covers_8085,False,0.6155599020974184
Amazon_262,Covers_18662,False,0.6018802803459941
Amazon_13506,Covers_16981,False,0.6008231054137279
Amazon_14192,Covers_46598,False,0.6055313729500191
Amazon_16080,Covers_32381,False,0.6681227064974641
Amazon_17562,Covers_14969,False,0.618221524977064
Amazon_15040,Covers_42256,False,0.6093854588681071
Amazon_4627,Covers_25710,False,0.9437353614582308
Amazon_14374,Covers_2061,False,0.6649113735502997
Amazon_11432,Covers_43699,False,0.6129540293245151
Amazon_18420,Covers_39673,False,0.6857593395940538
Amazon_7200,Covers_4147,False,0.6393334618526177
Amazon_13573,Covers_1746,False,0.7099140790095717
Amazon_7834,Covers_21591,False,0.6916656675342482
Amazon_15155,Covers_40046,False,0.8381286351350679
Amazon_7836,Covers_1844,False,0.8126839995323998
Amazon_4728,Covers_8043,False,0.6534040821000338
Amazon_10755,Covers_4774,False,0.7544271860227577
Amazon_7355,Covers_5625,False,0.9540724939922604
Amazon_17205,Covers_38852,False,0.6952198629241069
Amazon_16090,Covers_7881,False,0.7624208096602197
Amazon_13166,Covers_42789,False,0.642240009023095
Amazon_16363,Covers_988,False,0.8112779019707909
Amazon_12023,Covers_31492,False,0.6368080667689802
Amazon_8020,Covers_42437,False,0.7203616978025403
Amazon_4676,Covers_7126,False,0.6667681543940405
Amazon_17287,Covers_12478,False,0.635439397613727
Amazon_12285,Covers_38802,False,0.6652109869495589
Amazon_11722,Covers_17217,False,0.9548290014265718
Amazon_16989,Covers_21174,False,0.6473307473535521
Amazon_11268,Covers_6449,False,0.748075399515699
Amazon_4518,Covers_23701,False,0.8396435134794585
Amazon_3005,Covers_44928,False,0.6038169160074564
Amazon_4577,Covers_7589,False,0.6765552355617086
Amazon_7441,Covers_28522,False,0.6649808163980125
Amazon_20110,Covers_25624,False,0.8056282610650326
Amazon_17086,Covers_43804,False,0.8913455783002154
Amazon_11057,Covers_12746,False,0.6274207223160306
Amazon_1329,Covers_25179,False,0.9777678862543662
Amazon_16122,Covers_7158,False,0.8367393256672169
Amazon_18627,Covers_8109,False,0.988088651646164
Amazon_21152,Covers_6305,False,0.670015751266173
Amazon_4536,Covers_12591,False,0.7907591525298617
Amazon_13790,Covers_27717,False,0.6027217923456387
Amazon_7793,Covers_4042,False,0.6492087073213231
Amazon_18627,Covers_23957,False,0.6425747874284321
Amazon_9265,Covers_41506,False,0.638965385945977
Amazon_13950,Covers_8862,False,0.6563445664513157
Amazon_17841,Covers_15707,False,0.6747149718350456
Amazon_20959,Covers_23922,False,0.604132254582237
Amazon_15166,Covers_2121,False,0.8026931779302275
Amazon_7817,Covers_26854,False,0.6715483298202003
Amazon_19902,Covers_26877,False,0.7472995459743973
Amazon_1235,Covers_3810,False,0.6714427189842556
Amazon_2222,Covers_48956,False,0.6719925176882612
Amazon_5385,Covers_29187,False,0.7398948353424472
Amazon_11747,Covers_23125,False,0.6123370821192596
Amazon_11488,Covers_11900,False,0.6188680623902797
Amazon_20801,Covers_6908,False,0.7662645956160604
Amazon_10752,Covers_32687,False,0.7301852599676824
Amazon_17441,Covers_162,False,0.8227439089252561
Amazon_7610,Covers_24645,False,0.6687007122083426
Amazon_4283,Covers_40057,False,0.6716327026042384
Amazon_15243,Covers_2135,False,0.7268350046683353
Amazon_16543,Covers_7802,False,0.7375065546889381
Amazon_13594,Covers_14938,False,0.6220159705310215
Amazon_16080,Covers_35551,False,0.6968166312483268
Amazon_7701,Covers_38652,False,0.9119189141336776
Amazon_4880,Covers_21353,False,0.7355588651609907
Amazon_4908,Covers_23490,False,0.6068997477189156
Amazon_17535,Covers_2336,False,0.913053575762422
Amazon_18292,Covers_40998,False,0.7195426586406104
Amazon_9437,Covers_12170,False,0.6931498948264893
Amazon_21722,Covers_43184,False,0.6281147770134439
Amazon_18244,Covers_31092,False,0.6311045008232875
Amazon_1791,Covers_49901,False,0.7152153762259065
Amazon_18031,Covers_28895,False,0.6688476879065419
Amazon_16610,Covers_38857,False,0.6134064149585109
Amazon_16928,Covers_35392,False,0.607881727677903
Amazon_7689,Covers_42707,False,0.7943132653229306
Amazon_5486,Covers_6981,False,0.7193675799041763
Amazon_18411,Covers_23361,False,0.737670690437846
Amazon_1463,Covers_19704,False,0.6470910213005003
Amazon_11982,Covers_39188,False,0.7698217593295443
Amazon_11827,Covers_28022,False,0.6535293778754816
Amazon_19828,Covers_41657,False,0.633104509306289
Amazon_17458,Covers_7597,False,0.8668411345896369
Amazon_9168,Covers_8876,False,0.7225246516266919
Amazon_16651,Covers_21051,False,0.6845916263977679
Amazon_37,Covers_13584,False,0.7352438329656915
Amazon_20846,Covers_28754,False,0.6554936901405576
Amazon_3259,Covers_21980,False,0.7080706465255039
Amazon_8930,Covers_15591,False,0.6929803798681483
Amazon_13233,Covers_44611,False,0.6445756506488948
Amazon_5385,Covers_17955,False,0.9887551196973624
Amazon_4676,Covers_33339,False,0.6304170882998208
Amazon_14554,Covers_42274,False,0.6318217605422801
Amazon_17920,Covers_42477,False,0.9867948338041952
Amazon_7031,Covers_49410,False,0.6671108064073102
Amazon_15390,Covers_4822,False,0.9156306968673024
Amazon_8569,Covers_40989,False,0.7032094438635316
Amazon_18310,Covers_32169,False,0.7620253154236305
Amazon_2910,Covers_7895,False,0.6531658639731698
Amazon_13330,Covers_45886,False,0.6791116968788689
Amazon_7599,Covers_24181,False,0.7839581955523403
Amazon_4207,Covers_32527,False,0.6103040878000506
Amazon_11825,Covers_4160,False,0.89678266884049
Amazon_5882,Covers_25867,False,0.6598031965231124
Amazon_22687,Covers_16403,False,0.6622664892078172
Amazon_1414,Covers_17858,False,0.6580642984842304
Amazon_2354,Covers_47759,False,0.6017751235382243
Amazon_15614,Covers_46205,False,0.7411360376269687
